TimeStamp,Delta_TP9,Delta_AF7,Delta_AF8,Delta_TP10,Theta_TP9,Theta_AF7,Theta_AF8,Theta_TP10,Alpha_TP9,Alpha_AF7,Alpha_AF8,Alpha_TP10,Beta_TP9,Beta_AF7,Beta_AF8,Beta_TP10,Gamma_TP9,Gamma_AF7,Gamma_AF8,Gamma_TP10,RAW_TP9,RAW_AF7,RAW_AF8,RAW_TP10,AUX_RIGHT,Accelerometer_X,Accelerometer_Y,Accelerometer_Z,Gyro_X,Gyro_Y,Gyro_Z,HeadBandOn,HSI_TP9,HSI_AF7,HSI_AF8,HSI_TP10,Battery,Elements
2017-10-10 20:45:25.269,1.151341108206675,0.760550205586026,0.4135594914099028,1.114386798020575,0.6503523006541807,0.3390034565019278,0.0763130214346294,0.8657285828996086,0.8899671485397791,0.4321233817844042,0.05677563675532323,0.8050007222580676,0.4403314057666667,0.6112404128456773,-0.1819481568263615,0.3117157840261547,-0.05171037076051836,0.4541671088419786,-0.6580802276786329,-0.1686642456115694,871.1355311355312,863.8827838827839,853.8095238095239,885.2380952380953,774.4322344322345,0.622620,0.306458,0.733948,-0.844879,0.904694,3.880463,1,1,1,1,1,53.843750
2017-10-10 20:45:26.302,0.8752486767017831,1.026167191716806,0.2278779767150305,0.8918526826426739,0.5094227558813826,0.26171358318824,-0.003342272300477987,0.6679140764105184,0.8553259937743914,0.3986316347253735,0.0619011153945957,0.7314798209322965,0.2061599461687317,0.5760268336720931,-0.0445719069474639,0.3123245503926743,-0.157612873172998,0.4834240226901364,-0.5753940677099798,-0.2230344055551053,882.014652014652,857.8388278388279,846.5567765567765,894.908424908425,763.1501831501831,0.659851,0.259644,0.726135,-5.615082,-1.727142,2.168274,1,1,1,1,1,53.843750
2017-10-10 20:45:27.278,0.9870785739552428,1.358297429668957,0.2851808673316831,1.036978954909964,0.4894920358823239,0.2244396159756865,0.2158723637802258,0.5681342719458702,0.3992726707295053,0.3184827078666924,0.2990319056466214,0.6185861406308497,0.0474880221055941,0.6340599052093523,-0.06920510583241415,0.2231217195149452,-0.1816781144352445,0.4731466984375249,-0.4787052159863442,-0.1079146289089859,866.3003663003664,910.2197802197802,843.7362637362637,871.5384615384615,773.6263736263736,0.663818,0.294861,0.700684,1.001892,2.063599,-1.562653,1,1,1,1,1,53.843750
2017-10-10 20:45:28.297,1.133799580471455,1.544931743628785,0.3133254893124874,0.888067348503632,0.3865661453178698,0.8254561547455468,-0.05486839485487203,0.4519828496723058,0.7692577660531901,0.8051351442515466,0.135461574088867,0.6502844361136242,0.2635555283381565,0.7033315949540148,-0.1988452950675391,0.3465880205439452,0.03852533648443845,0.564987524740612,-0.6713641822580591,-0.006036561819621875,865.0915750915751,1015.384615384615,887.2527472527473,893.2967032967033,748.6446886446887,0.602783,0.213074,0.755737,-12.321777,23.439789,5.667419,1,1,1,1,1,53.843750
2017-10-10 20:45:29.278,1.261735787856733,1.81211972588737,1.55118718049914,0.9489062615353295,0.589644643362876,1.168995668020397,0.1297620233760507,0.4066993388890799,0.7779684559457687,0.7994456425277212,0.7902842892824008,0.6408723471848223,0.4547997498671449,0.659176077064347,-0.1817762031215916,0.3389056723005869,0.1242929864154303,0.6527938388822501,-0.6172005187340277,-0.01377307964580498,867.1062271062272,879.1941391941392,921.5018315018315,869.5238095238095,759.1208791208792,0.340271,0.140564,0.937439,-1.121521,4.418793,0.007477,1,1,1,1,1,53.812500
2017-10-10 20:45:30.262,1.475051577459759,1.876805924825961,2.205631900617142,1.285406812142514,0.381912163796994,1.21213876641261,0.6966744998921103,0.3867019647492675,0.6884909706018872,0.7994456425277212,0.8039506019737411,0.7123143848952906,0.2437253752910173,0.6227113820096456,-0.005472081434839957,0.3240781073352172,-0.2322570551591238,0.6618433424705368,-0.5275790289014252,-0.2416404562967041,886.0439560439561,978.3150183150184,1039.96336996337,892.4908424908425,773.6263736263736,0.079163,0.087708,0.981201,-4.620667,7.028198,1.405640,1,1,1,1,1,53.812500
2017-10-10 20:45:30.788,,,,,,,,,,,,,,,,,,,,,,,,,,,,,,,,,,,,,,/muse/elements/blink
2017-10-10 20:45:31.281,1.631728439026478,1.876805924825961,2.337189720482047,1.40076119686449,0.3037588499597724,1.21213876641261,0.8849550406638329,0.2958282995950811,0.6018445215972782,0.7994456425277212,0.4709929384519103,0.667720685442257,0.1631545867731958,0.6227113820096456,0.1276264571310503,0.3214222930483444,-0.2550171300615098,0.6618433424705368,-0.4253824370835323,-0.4512345746322505,846.5567765567765,912.6373626373627,912.2344322344322,882.8205128205128,743.8095238095239,0.072510,0.143005,0.992798,-1.016846,-0.044861,4.755249,1,1,1,1,1,53.812500
2017-10-10 20:45:32.266,1.497083599390286,1.610346567703344,1.736023277769523,0.2735388051324444,1.076795318585819,0.3258563637567941,0.3666743067145067,0.3771061015517041,1.233926329211464,0.354565297041304,0.2895273911842937,0.4732520499020746,0.5197521879271022,0.1140424291970625,0.07283093298652521,0.09453571345903222,0.06488827999476997,-0.169427023826336,-0.3718780882839352,-0.3610842693086593,835.2747252747253,952.1245421245421,924.3223443223443,869.5238095238095,736.959706959707,0.044067,0.144714,0.995544,-0.007477,6.003876,2.011261,1,1,1,1,1,53.812500
2017-10-10 20:45:33.284,1.126957277280856,1.929007099942752,1.41685940498278,-0.01981649130674625,0.9404262386984201,0.4971688890178063,-0.04737920931431771,0.3702333188473747,1.2376808345896,0.608540685506743,-0.1266454156172288,0.6330001045611332,0.3451276700825153,0.2164150721897135,0.1554000686482979,0.0212980764371441,0.2657836160403551,-0.06015178092872323,-0.2141532364344902,-0.2336582756060543,855.4212454212454,892.0879120879121,882.8205128205128,873.5531135531136,775.6410256410256,0.042725,0.148804,0.987976,-1.173859,1.704712,4.605713,1,1,1,1,1,53.812500
2017-10-10 20:45:34.262,0.6224923384234679,1.451182847934018,1.12644659188236,-0.01987702658258754,0.2436806461756688,0.5877232761458613,0.01938068515041928,0.1165763419788451,0.4390389702995843,0.6123903604258907,0.3606945995300972,0.5101589679304775,0.2496612138496892,0.3758260624575143,0.1002024555382394,0.07877335428754538,0.2505320616732878,0.09659604650962593,-0.2262397335925906,-0.1942223693731677,861.8681318681319,863.8827838827839,865.8974358974359,875.1648351648352,760.3296703296703,0.042358,0.147827,0.992493,-2.265472,2.108459,3.499146,1,1,1,1,1,53.812500
2017-10-10 20:45:35.271,1.546926942810252,0.7645226950334347,0.966892266650982,0.3251067367732605,0.9302846590945461,-0.0288721484901498,0.07506198500762831,0.183787194473408,1.192240833454236,0.0705240088021771,0.3813529963505607,0.4241637584851419,0.3221335600782098,0.1663737659860742,0.03846987537725427,0.1587863159923532,0.1225994588052931,0.03462351407835258,-0.1970741051042144,-0.2542190274188035,848.1684981684982,831.6483516483516,834.8717948717949,877.5824175824176,734.9450549450549,0.007507,0.127502,0.993042,-0.732727,3.035583,5.263672,1,1,1,1,1,53.812500
2017-10-10 20:45:36.292,1.888879842939287,0.4099691957632926,0.6455447389926448,1.509034691594547,1.259907487355106,-0.07446231542849621,0.1789762015241483,0.2230302765130227,1.230171948210625,0.02652372915106818,0.4168458252379026,0.5726732023179928,0.4268959195381437,0.1270995507478284,-0.09903366187784256,-0.000796819576236364,-0.239978202029281,-0.08744214508523045,-0.3818200672500588,-0.2096864028925656,847.7655677655678,832.4542124542124,840.1098901098901,862.6739926739926,805.4578754578755,0.003418,0.138000,0.992188,-0.874786,0.687866,4.815063,1,1,1,1,1,53.812500
2017-10-10 20:45:37.280,1.977854903199072,0.4697737625324526,0.5334907110416192,1.407237024288244,1.381930404887801,-0.105436734444974,-0.08520258903213354,0.1741355616816258,1.230171948210625,0.05238946724555123,0.1635609751672249,0.7320145195623022,0.5126943732554463,0.04816591481742563,-0.2300850356676777,0.08115284892497178,-0.173039616062818,-0.1411645014895968,-0.420752989819802,-0.4469980971332528,870.3296703296703,818.7545787545788,827.6190476190476,850.1831501831502,774.0293040293041,-0.018982,0.132324,0.992432,-2.183228,1.929016,3.955231,1,1,1,1,1,53.812500
2017-10-10 20:45:38.262,1.996585477983094,0.503669404952922,0.7475468122195225,0.4463413012922727,1.044366758065032,0.07154374394675882,-0.2424237339267155,0.02686729437041867,0.9083461967373087,0.09672408282340736,0.1114613888074056,0.39626490774879,0.5312441010685039,0.06998313075736004,-0.188947266795837,0.1282691992555519,-0.04681830350532944,-0.2473867496832056,-0.5583198658464349,-0.3708772055376968,876.3736263736264,823.5897435897436,808.6813186813187,855.0183150183151,712.3809523809524,-0.003052,0.139404,0.991882,-1.525269,1.869202,3.917847,1,1,1,1,1,53.812500
2017-10-10 20:45:39.302,2.043639693706933,0.6681276302283666,0.3335598158955131,0.4373921987769731,0.783406919626084,0.2439671946392568,-0.07731207288668056,0.1080614516101625,0.9289044510570799,0.0638710365906395,0.02584426673374608,0.2707936834062664,0.4032017345748988,-0.1006945957008793,-0.1200867683518807,0.1839971577850951,-0.0769498033165596,-0.2547424434078111,-0.6026663706305976,-0.481031714123015,936.4102564102565,817.948717948718,817.948717948718,857.4358974358975,713.992673992674,-0.005188,0.138000,0.992249,-1.622467,1.614990,3.985138,1,1,1,1,1,53.781250
2017-10-10 20:45:40.294,2.119964853100085,0.4749132812774902,0.2083690949684387,0.3883491006367317,0.6017619820009449,-0.03237340206585201,-0.04861603290483271,0.2001882892154709,0.4146648135085547,0.08311372194135927,-0.03118414140770192,0.4464192416098573,0.320159385040331,-0.04291130026539536,-0.1117667776517856,-0.02973753804893756,-0.01271916207186764,-0.3387153579114264,-0.8122880123184478,-0.6161657308390437,869.92673992674,809.0842490842491,823.1868131868132,865.4945054945056,751.8681318681319,-0.002441,0.135498,0.992615,-1.869202,2.295380,4.187012,1,1,1,1,1,53.781250
2017-10-10 20:45:41.290,0.6555672336716768,0.4421977113244418,0.3382642010457667,0.3430997341034743,0.3864741312802001,-0.2511557340006542,-0.0003509761017469899,0.3281120591264753,0.4768245874614009,-0.1581790865474287,0.01168934933846437,0.4069584454364851,0.05272164722985151,0.03247805778081419,-0.08175039178738316,-0.003925488682764475,-0.07794876273905403,-0.4349352077559422,-0.6300619429524729,-0.4943631737051209,863.8827838827839,823.992673992674,840.9157509157509,874.3589743589744,719.6336996336996,-0.014343,0.132202,0.991577,-1.704712,2.228088,4.059906,1,1,1,1,1,53.781250
2017-10-10 20:45:41.681,,,,,,,,,,,,,,,,,,,,,,,,,,,,,,,,,,,,,,/muse/elements/blink
2017-10-10 20:45:42.263,0.5257663167775354,0.6600840367326131,0.07397996902047341,0.471750401454984,0.2440516086414124,0.2773003451347588,-0.2315852569292378,0.3588797507956227,0.4343828583536719,0.02342579022559684,0.1819116677304083,0.03056790875355161,-0.08872162659591036,-0.1130707079807754,-0.08812835863665923,-0.05938416146475962,-0.2494321741921104,-0.3532866681347956,-0.5483370272505689,-0.5537060144026418,861.4652014652015,850.5860805860806,838.4981684981685,871.941391941392,752.2710622710623,-0.004089,0.131165,0.993774,-1.622467,1.966400,4.687958,1,1,1,1,1,53.781250
2017-10-10 20:45:43.278,0.4469805471713129,0.772438162046312,0.3415010862459467,0.05853557745508267,0.0131880366318544,0.4055196822384932,-0.2410807519703368,0.4112263175753799,0.2953672405077203,0.179048102087517,0.1881382127652581,0.3200719336689032,0.04341132102675892,-0.02562487496033439,-0.153548223487026,-0.1594779737991476,-0.07648501833143984,-0.3916730571989147,-0.5107884724966182,-0.5020415222005241,860.2564102564103,837.6923076923077,836.8864468864469,866.7032967032967,778.8644688644689,0.002380,0.130798,0.991089,-1.435547,1.607513,3.977661,1,1,1,1,1,53.781250
2017-10-10 20:45:44.278,0.212036449172438,0.3773930626523454,0.300699785867572,0.2285119772952571,-0.02828205705417031,-0.2628545930244029,-0.2105821895681504,0.2539525447484419,0.4887195007300681,0.1749088333793996,-0.01193888997983049,0.7612939015308252,0.133861553652783,-0.09980812004830808,-0.0828735956483613,-0.01011966379563559,-0.07550891727976665,-0.3554874457909634,-0.426267547373101,-0.2528909636842638,844.5421245421246,824.7985347985348,832.4542124542124,862.2710622710623,746.6300366300367,0.000122,0.129272,0.993042,-1.353302,1.345825,4.127197,1,1,1,1,1,53.781250
2017-10-10 20:45:45.263,0.6946988064594859,0.420714500185144,0.3848954906141893,0.3355592076857754,0.3403224261476913,-0.2748389124516424,-0.009352301848762618,0.1443435262078873,0.788017992254723,0.00604713217919377,0.1029236529222746,0.8797150426443745,0.2950395831427859,-0.2562346282829562,0.06385566430527893,0.1809205335395224,-0.1569102982645187,-0.3795091985827528,-0.4744773862406195,-0.1583664641941417,841.3186813186813,831.6483516483516,842.1245421245421,857.8388278388279,789.7435897435897,-0.002869,0.130371,0.991150,-1.689758,1.869202,4.216919,1,1,1,1,1,53.781250
2017-10-10 20:45:46.262,1.437133871442054,0.5113934081088471,0.1613519116881686,0.3807331552919995,0.8479876043267591,0.1058603678085171,-0.003915945117609614,0.2016255918516821,0.8926085490677435,0.02953946313988533,0.1054813190426827,0.9388593966976099,0.2528444701587129,-0.3080213734095229,-0.05618049173205308,0.0614870427103827,0.0009585817262821424,-0.5187149427993104,-0.545409026191254,-0.3017565897908461,862.2710622710623,833.6630036630037,836.0805860805862,854.2124542124542,800.2197802197802,-0.010010,0.127380,0.993896,-1.757050,2.407532,4.329071,1,1,1,1,1,53.781250
2017-10-10 20:45:47.287,1.23823869655138,0.1382682324849207,0.1736762355010052,0.4437595589079349,0.5459350237611892,-0.05245550914492596,-0.2255011047044886,0.1352689403260397,0.5600651817841783,-0.1452960386784617,-0.1835363693690029,0.7705011874485407,0.1911120853609999,-0.04696095183747861,-0.01759235788538998,0.1445418434416854,0.06793489483659929,-0.4783508400322166,-0.6432336522439424,-0.3342355557804735,865.8974358974359,839.7069597069598,836.0805860805862,842.5274725274726,763.956043956044,-0.009949,0.121582,0.992554,-1.697235,1.794434,4.082336,1,1,1,1,1,53.781250
2017-10-10 20:45:48.265,1.323925475395516,0.05054055556555061,0.2323931452211938,0.4040609657907531,0.8351190015078152,-0.1729596780639503,-0.0123969799434483,0.2365151253539725,0.6338143262678023,0.08432961295755394,0.06736537013974415,0.5677388283206194,0.1711221677576193,-0.06747872918410565,-0.04279758328918259,0.1779873112179713,-0.04358389341153496,-0.4743360234808258,-0.5510616719396895,-0.3077902606424706,872.7472527472528,831.2454212454213,846.959706959707,856.6300366300367,759.5238095238095,-0.012878,0.121338,0.992004,-1.600037,1.457977,4.112244,1,1,1,1,1,53.781250
2017-10-10 20:45:49.281,1.581593362493927,0.2444926997118402,0.5092862294536165,1.15213730427627,0.7690310730310741,-0.397333843123658,0.07503779013957493,0.7907103077924782,0.4499023998457422,0.04915936723446429,0.06240308404056845,0.4588547262810184,0.1161096346563644,-0.2483113313678537,-0.0923096929409364,0.1769684817452653,-0.07456749662176425,-0.4586654028332204,-0.7103386000639786,-0.3030817653239888,822.7838827838829,836.0805860805862,841.7216117216118,840.1098901098901,799.0109890109891,-0.014404,0.125366,0.994507,-1.764526,2.624359,4.284210,1,1,1,1,1,53.734375
2017-10-10 20:45:50.281,1.237417085224125,0.354669773119953,0.3095923474993581,1.178089579681804,0.2467460297041464,-0.4544568890943481,-0.08230974979705866,0.8650145030353878,0.4496711170285791,-0.01501216101873484,-0.105714375742919,1.215076288483901,0.1671815978977717,-0.2181347307520959,-0.1088009059864834,0.3028646791668556,0.04673722083817085,-0.3285522401509576,-0.7633966138313382,-0.2304678416118345,844.5421245421246,845.7509157509157,841.3186813186813,871.1355311355312,807.4725274725275,-0.014648,0.127319,0.993164,-0.814972,1.525269,4.762726,1,1,1,1,1,53.734375
2017-10-10 20:45:51.263,1.65945804200379,-0.1957962043734512,0.2439058363948544,1.054016789273787,0.5641774700975902,-0.4038869845099581,-0.02823804782340595,0.7747441166329917,0.7670208911648816,0.0933800057151862,-0.0279305961958303,1.294291513066909,0.06655338113992131,-0.1783336011918512,-0.07897503666806568,0.5037728123635079,-0.03344491247688445,-0.2862135074057752,-0.5607793771186957,-0.1057772390191756,831.2454212454213,839.3040293040293,832.8571428571429,862.2710622710623,766.3736263736264,-0.007446,0.124756,0.991272,-1.622467,1.450500,3.895416,1,1,1,1,1,53.734375
2017-10-10 20:45:52.262,1.725319754791089,-0.2813193841007896,0.3455341741216197,1.0931721929475,0.8355524108067166,-0.466174880128617,-0.0260134988700518,0.5462089506671326,0.9754910824706202,0.150244046873971,0.09518783220678521,1.162854478820744,0.1370162026189497,-0.2714391240295256,-0.04978913232687607,0.4848566651893072,-0.2638261217285645,-0.2975406737036273,-0.5279710203745912,-0.2541448911075166,861.8681318681319,839.7069597069598,835.6776556776557,849.7802197802198,810.2930402930403,-0.005005,0.126465,0.990295,-1.390686,1.973877,3.768311,1,1,1,1,1,53.734375
2017-10-10 20:45:53.276,1.659448627699049,-0.4511248912574,0.5993203264181165,0.6609693279656121,0.801072041020665,-0.3206307410494831,0.2813600303215061,0.3937069517518066,0.9656229371527967,0.06765700946062234,0.2252216755258543,0.9784106679066532,0.3034871243132461,-0.1598020402486242,-0.1657296485549199,0.273526944683632,-0.3370339454596311,-0.4204861223527924,-0.7075680717295184,-0.3649089717489428,901.7582417582418,844.5421245421246,839.7069597069598,847.7655677655678,761.5384615384615,-0.011780,0.126099,0.987000,-1.929016,2.056122,4.112244,1,1,1,1,1,53.734375
2017-10-10 20:45:54.263,1.422286573978482,-0.3385547949199705,0.5543709964039878,0.2416453019724075,0.5578230184012526,-0.4419310730009912,0.207102738542784,0.1777279037112667,0.5210799035978723,-0.001561438108301947,0.2905786116886164,0.3860800205303081,0.3750167103556336,-0.1401509885745299,-0.119197803943548,0.03927850210784253,-0.3332200086189925,-0.4450413943486687,-0.716584164810245,-0.371119150684632,855.4212454212454,841.7216117216118,840.9157509157509,861.4652014652015,775.6410256410256,-0.016541,0.126709,0.992493,-1.786957,1.547699,3.813171,1,1,1,1,1,53.734375
2017-10-10 20:45:55.263,1.092549879861535,-0.02240548618769747,0.2117467986852749,0.2450868520433116,0.4645758429791643,-0.1226483027268818,-0.04934605751950346,0.392168143311331,0.5662126483879621,0.087603022967571,0.1699539702723164,0.8790937257072881,0.1053578652764794,-0.2177271745441636,-0.139253265648412,-0.02375561252573874,-0.2322415299915651,-0.3904046924752979,-0.5581215876452517,-0.4138344409399904,864.6886446886447,838.901098901099,840.9157509157509,864.6886446886447,767.1794871794872,-0.016235,0.120483,0.990601,-1.906586,1.435547,4.142151,1,1,1,1,1,53.734375
2017-10-10 20:45:56.262,1.026027642111616,0.1819043221718838,0.3241193466044941,0.3277616795028684,0.4795900428210334,-0.3025154607498389,-0.2697551594225038,0.3982775517077421,0.7938216877960079,-0.06330355558569328,-0.4475038596721665,0.9573527257787247,0.2509264684057423,-0.1609301261969997,-0.05351470119423542,0.06287367373316366,-0.3053969794800694,-0.2133006873775966,-0.4714862580674611,-0.4880851661478359,847.3626373626374,840.9157509157509,836.4835164835165,871.5384615384615,780.4761904761905,-0.009094,0.121765,0.993042,-1.510315,1.218719,4.239349,1,1,1,1,1,53.734375
2017-10-10 20:45:57.290,0.4404925760262556,-0.08501312388124477,0.13451589267174,0.1293030019077649,0.08353031079763427,-0.324000263013306,-0.1300071040372451,0.2588811404555244,0.6201762433917067,-0.2801905571223371,0.04633351640958936,0.794794322640249,0.229448888064538,-0.0965183248103058,0.03899279173889433,0.1394887872002072,-0.2568352519769977,-0.2396322913656312,-0.3346025107449896,-0.3687054692877677,843.3333333333334,835.6776556776557,840.5128205128206,853.0036630036631,778.8644688644689,-0.007568,0.127319,0.993225,-1.831818,1.256104,4.216919,1,1,1,1,1,53.734375
2017-10-10 20:45:58.263,0.5490337891490955,0.1264643529543477,-0.22657689927309,0.293710478681729,0.2017996891254022,-0.269656133178576,-0.2087651241949875,0.2740847137977128,0.7552826923196104,-0.3690749298337756,-0.07715442641304859,1.140574984101652,0.263369890308502,-0.2778800974572007,-0.03331765319767442,0.1625875533846921,-0.06400551935567557,-0.1497774022444736,-0.288099158875794,-0.3633458256910282,783.2967032967033,844.5421245421246,847.3626373626374,854.2124542124542,811.5018315018315,-0.007935,0.131042,0.992126,-1.592560,1.988831,4.172058,1,1,1,1,1,53.734375
2017-10-10 20:45:59.293,1.743350879401255,0.2249009958673989,0.4262256599416683,0.3428572746530401,0.2061165936966962,-0.3096931478472703,-0.3179963082440979,0.400192785381744,0.8279500132808576,-0.155337548603803,-0.1292881651621574,1.153640624308966,0.244753972170292,-0.279495845254881,-0.09835050522335691,0.1435819152156518,0.04711324629535205,-0.09869180510195594,-0.3368492225556832,-0.3762042239340208,892.4908424908425,846.959706959707,833.2600732600733,842.1245421245421,784.1025641025641,-0.007690,0.126709,0.992493,-1.547699,1.899109,4.471130,1,1,1,1,1,53.703125
2017-10-10 20:46:00.262,0.7366530155737885,0.1387335619031057,0.4621362750467933,0.4217609692206504,-0.3417113533831189,-0.2284424095330042,-0.3766893174526452,0.4049039061419483,0.3968080798932938,-0.03787783013198672,-0.05604846161017549,0.8644097132903075,0.4283198263268441,-0.2346229361642545,-0.2028977112788672,0.196655882030869,-0.189207307740898,-0.05308550496039725,-0.3500332916404448,-0.331815669501819,857.032967032967,842.1245421245421,826.4102564102565,841.3186813186813,804.2490842490843,-0.010437,0.118652,0.993652,-1.300964,1.772003,4.583282,1,1,1,1,1,53.703125
2017-10-10 20:46:01.262,1.654292025564116,-0.0772195954819459,0.6355286773354381,0.8861752325242772,0.7259686796616857,-0.2643545962496793,-0.1592524930890115,0.5013760832438914,0.8174879674597771,0.004998045179101539,0.2944344735894266,0.9154272672179814,0.3637167981220346,-0.12187273372828,-0.07517021035706632,0.4394383127117907,0.262841913418234,-0.08984874314059468,-0.3210037046953373,0.01701230064113599,833.2600732600733,846.5567765567765,840.1098901098901,838.901098901099,770.4029304029305,-0.007507,0.118225,0.995239,-1.390686,1.345825,3.745880,1,1,1,1,1,53.703125
2017-10-10 20:46:02.267,1.908525444481802,-0.2184671490214008,0.3099575992234506,0.992006781144771,0.7639525703264652,-0.4804256170942371,-0.08586181887732752,0.5640832367231676,0.6651700781659641,-0.01577047679342398,0.2932717827627552,0.9296274139261467,0.2787950628917606,-0.1474292254635474,-0.06088199227416805,0.3470290332845151,0.1848379068468301,-0.006383175039709013,-0.2436383596398957,-0.05334051133205541,868.7179487179487,852.6007326007326,855.0183150183151,862.6739926739926,812.7106227106227,-0.012268,0.117798,0.992981,-1.772003,2.265472,4.336548,1,1,1,1,1,53.703125
2017-10-10 20:46:03.263,1.275448791230946,0.1195068673937144,0.04682853963147959,0.3068726468993785,0.5248362605196263,-0.1929659938157366,0.01362903529561723,0.3154537503333431,0.6213731858409761,0.0146370656357622,0.3231346487873182,0.9294765471357594,0.2660361724629246,-0.0966701395874167,-0.1816121849437023,0.1151948465945987,-0.1981663306544169,0.08085959312328216,-0.1480125193989934,-0.3910780022436799,867.1062271062272,846.1538461538462,851.3919413919414,854.2124542124542,803.8461538461539,-0.008118,0.121033,0.994141,-1.286011,1.846771,4.104767,1,1,1,1,1,53.703125
2017-10-10 20:46:04.262,0.9848855357906953,0.07339467083990503,-0.0812203032923169,0.6841327409492004,0.5716427937790298,-0.07186349303463907,-0.1258930761541542,0.5187232885931251,0.7261219360568202,-0.2067348042386626,0.1688894833816586,0.790803720471282,0.2295859279427171,-0.1813749243988149,-0.02246393125649317,0.1603098956187414,-0.1968115900254702,0.2339662010239559,-0.1937215229756402,-0.3832514087927367,858.2417582417582,850.1831501831502,835.6776556776557,854.2124542124542,789.3406593406594,-0.015747,0.123535,0.991577,-1.196289,2.818756,4.179535,1,1,1,1,1,53.703125
2017-10-10 20:46:05.262,0.4049641499148884,0.03170612422079858,-0.0338887372336046,0.6523821577446793,0.1623648804741202,-0.1594257538072762,-0.1926145654447455,0.4333950250158271,0.6925773519166183,-0.05660641639894461,-0.1550159902005651,0.8297461130065972,0.1762817453607495,-0.2679020016659122,0.06158313833643748,0.1970652545307639,-0.1224996908387505,0.07579291700146233,-0.2982542666425263,-0.2734638887108341,859.047619047619,842.5274725274726,842.1245421245421,857.032967032967,774.4322344322345,-0.018555,0.122131,0.992493,-1.622467,2.272949,4.314117,1,1,1,1,1,53.703125
2017-10-10 20:46:06.262,0.3832017110472777,0.116695587430467,0.3582313421140362,0.6059717436137007,0.2048967551933587,-0.4506341312198317,0.02720427960481676,0.141450041260001,0.6985320140813076,-0.03997875927703566,-0.04948284022602697,0.9552151924853906,0.2232231288086588,-0.05658584553499608,0.004010217726659511,0.2382248441734275,-0.0004757249581285007,-0.06985924870565277,-0.1237589267821952,-0.1902315534913866,847.3626373626374,844.9450549450549,832.4542124542124,852.6007326007326,799.0109890109891,-0.015503,0.122192,0.993042,-1.540222,1.749573,4.187012,1,1,1,1,1,53.703125
2017-10-10 20:46:07.262,0.1339721206772658,0.5026856016137744,0.5279296686278637,0.9639212917315674,0.03041242123809678,-0.1651344871190487,0.0165905411863306,0.299780964066067,1.002237213175812,0.1735282263583658,-0.02821994792085389,1.115518188014862,0.304173095328946,0.1070868456958753,0.0004268894295246682,0.3945619186614076,-0.04838101418975565,0.03040686193742514,-0.0888645181666801,-0.1543969935711412,855.0183150183151,849.3772893772895,846.5567765567765,825.2014652014652,806.2637362637363,-0.015381,0.120850,0.992310,-1.443024,2.183228,4.134674,1,1,1,1,1,53.703125
2017-10-10 20:46:08.268,0.135650298895314,0.663959405935996,0.1771713934982594,1.058677424882469,0.175895854607036,0.1867666296021439,-0.2693508925798122,0.6215637910658097,1.072946486775715,0.218367767689505,-0.03157619241985465,1.065760406776231,0.2966472233880476,0.09067028614302221,0.08990024320309244,0.3706097484282425,-0.2048921375558976,0.1596135695742034,-0.3043080848294057,-0.1165562010342772,859.4505494505495,844.1391941391942,846.1538461538462,856.2271062271062,779.2673992673992,-0.020996,0.118958,0.991516,-1.652374,2.758942,3.962708,1,1,1,1,1,53.703125
2017-10-10 20:46:09.263,0.07512255495000619,0.3259204138080958,0.2091183688781023,0.9870774469751038,0.2637933323710921,0.1586600790093098,-0.3376317693119442,0.3914865477331095,0.6056654210759955,0.07559366910273527,0.01377973221131219,1.025659249303875,0.1427363229542635,0.001741590911093945,0.1239592631343177,0.2570685350688311,-0.1679646374079133,0.08124994625896999,-0.3151874630158887,-0.06688277410731065,862.6739926739926,839.7069597069598,834.0659340659341,850.989010989011,790.1465201465202,-0.017517,0.114319,0.991333,-1.816864,1.958923,4.007568,1,1,1,1,1,53.656250
2017-10-10 20:46:10.278,0.07513056780265215,-0.1339447831184959,0.156472513916827,0.5796440420689577,0.1528858755081695,-0.3724069777307982,-0.3069129140387436,0.317901542885838,0.6613583769178059,-0.1781339081162298,0.2212193353395604,0.8131097788664041,0.1323181853247826,-0.04218188584017755,0.07241265897514039,0.2768124165374143,0.02943123995026486,0.1569116274926912,-0.2463766691812727,-0.2083062395732127,867.1062271062272,856.2271062271062,840.5128205128206,839.3040293040293,830.4395604395604,-0.020569,0.116943,0.995239,-0.934601,1.435547,4.702911,1,1,1,1,1,53.656250
2017-10-10 20:46:11.295,0.08521035208304818,0.3890417647235959,0.2978653330792375,1.082233913288013,0.1792336661817026,-0.2086068583022056,-0.2589515842811317,0.6519757803630027,1.089091364664498,-0.09451741280791319,0.2204390215668393,0.8437605939561308,0.1233308722661734,0.03369096693029301,0.01616324070866139,0.2270797761615592,0.06963705989412608,0.2876592570082867,-0.08782752756043338,-0.1657190528823023,857.4358974358975,839.3040293040293,837.2893772893773,839.3040293040293,779.6703296703297,-0.018555,0.112305,0.991211,-1.951447,1.300964,4.605713,1,1,1,1,1,53.656250
2017-10-10 20:46:12.288,-0.006325474041744506,0.1434831642810943,0.3084020074281215,1.223087438940387,0.1638666696372001,-0.391724972154475,-0.1387152874303636,0.7563200560182661,1.066880303561249,-0.1251511932708075,0.2392482241339632,0.7452645634794938,0.2260988833434118,0.162031122373333,-0.03890113157797272,0.1479333119260228,0.0640865095972908,0.1708019189236423,-0.05664907746972075,-0.112996722707307,850.1831501831502,836.4835164835165,844.1391941391942,855.0183150183151,785.3113553113553,-0.021179,0.113342,0.991699,-1.607513,1.854248,4.097290,1,1,1,1,1,53.656250
2017-10-10 20:46:13.286,0.1726045065744076,-0.5064379294768308,-0.0356307039254036,1.270463905422003,0.2027424818565283,-0.6975393278673159,-0.2144371206761516,0.5250489176547121,0.656139919490431,-0.2267278314515443,0.09636187313082897,0.5162259273532055,0.251067752181056,0.1252805796197628,0.02029682018932074,0.194934499492712,-0.07293175988683093,-0.01283666739825843,-0.1592142199723332,-0.1497346601838162,867.1062271062272,844.5421245421246,840.5128205128206,856.6300366300367,792.967032967033,-0.019226,0.112793,0.992981,-1.742096,2.078552,4.007568,1,1,1,1,1,53.656250
2017-10-10 20:46:14.271,0.08057761022180529,-0.2968640493517664,0.07719759731443306,1.068951629054511,0.2021137757119625,-0.3608749584765215,-0.4523235967821221,0.3280491047241965,0.7637535071539672,-0.06621072238881885,-0.366047195809178,0.8141600914440442,0.1432507778116509,-0.02195983748762166,0.02512814291733476,0.4214565755707445,-0.1213256258587648,0.08276921065648113,-0.09689895034098418,-0.1470224550154562,864.2857142857143,845.3479853479854,842.5274725274726,847.7655677655678,789.7435897435897,-0.023682,0.111755,0.992981,-1.727142,1.517792,3.932800,1,1,1,1,1,53.656250
2017-10-10 20:46:15.262,0.2731749499091205,-0.09083413402197267,-0.03233948437068442,0.744327508954252,0.2308309886784135,-0.2150517578541,-0.3733370438114302,0.4609209485073461,0.7582493283842089,-0.1482707582175693,-0.1005174954207003,0.9650155816781537,0.3029124358956212,-0.05568016905704436,-0.002557981145704955,0.2987703490386978,-0.06750839986369994,0.1591095768376553,-0.09894115471893702,-0.2190498136320307,840.9157509157509,834.0659340659341,847.3626373626374,869.5238095238095,788.5347985347986,-0.017517,0.109985,0.991516,-2.026215,1.383209,4.000092,1,1,1,1,1,53.656250
2017-10-10 20:46:16.262,0.5909008003827619,-0.1522361259177568,0.07455603794274106,1.031196070730547,0.361554667292498,-0.4891544830393367,-0.4537924631658957,0.7753238231485347,0.5647456361440748,-0.2623244109374865,-0.1106511732610817,1.06222031579944,0.2261721831114785,-0.07045087329514123,-0.0278209965925483,0.3329947044949809,-0.007714296151834374,0.3194034294117398,-0.2189213329467976,-0.1274056211698841,807.8754578754579,845.7509157509157,848.1684981684982,848.974358974359,804.2490842490843,-0.020081,0.114807,0.996521,-1.390686,1.293488,4.530945,1,1,1,1,1,53.656250
2017-10-10 20:46:17.262,1.745521516294875,-0.222784584975004,-0.009608273076174898,0.9504593799970499,0.4493717047250058,-0.7460310699781975,-0.2715391651236619,0.7727493305662551,0.6067679666087329,-0.2317863225276404,-0.1732043515439147,0.8608023232909814,0.1982772281404767,-0.1733065117828948,-0.02029404661498953,0.3860885896701761,-0.153832437053458,0.279940214239445,-0.1559276386281681,-0.04112021162674954,866.7032967032967,839.7069597069598,852.6007326007326,863.0769230769231,834.0659340659341,-0.010010,0.116577,0.993103,-1.487885,1.465454,3.895416,1,1,1,1,1,53.656250
2017-10-10 20:46:18.294,1.60222634490695,-0.1871649566298274,-0.1467784616296871,1.040032430703787,0.4656623085096663,-0.5041909474737324,-0.3597463502623171,0.7449372144208596,0.671463717156405,-0.1177344574255147,0.008907000715021296,0.8566867896107409,0.2110686560677094,-0.07446837243632266,-0.02608709059363161,0.3116356780779737,-0.06416184148122307,0.3014524063348664,-0.1338996389752711,-0.06689657203992513,834.0659340659341,836.4835164835165,843.7362637362637,853.0036630036631,794.1758241758242,-0.017273,0.115601,0.993713,-1.757050,2.018738,3.962708,1,1,1,1,1,53.656250
2017-10-10 20:46:19.263,0.8280394215885912,-0.266215141608207,-0.07931471531246891,0.95130828509431,0.367040018755288,-0.2788606972770805,-0.4221203455879338,0.6698082713368787,0.9557052169958709,-0.1728378147177639,-0.02317822704601693,0.7787121303386655,0.4264808726487656,-0.03009834891555137,0.04115715251340678,0.449619382122358,-0.2520753038612887,0.1591321465717154,-0.1589505759766727,-0.3197598007007501,840.1098901098901,851.3919413919414,841.7216117216118,835.6776556776557,812.7106227106227,-0.023926,0.114258,0.994446,-1.966400,2.280426,3.902893,1,1,1,1,1,53.625000
2017-10-10 20:46:20.281,1.02259963952125,-0.3268715246701865,-0.1384371832451396,0.8783646105597013,0.5652606759305504,-0.2313432814474035,-0.3211258279309058,0.5910381905626665,0.9228899804254933,0.0273654527640062,-0.2005700456671085,0.8109839574102353,0.4620143249507531,-0.05562426722430563,0.01938333919373798,0.4797419913876593,-0.1760483176272789,-0.006526667509014951,-0.1164357362649698,-0.3380853556665623,872.3443223443223,850.989010989011,853.0036630036631,844.5421245421246,777.2527472527473,-0.018311,0.112915,0.997009,-1.443024,1.570129,3.910370,1,1,1,1,1,53.625000
2017-10-10 20:46:21.275,0.1348050937134213,-0.1640778440397721,0.3794742529173161,0.8064849026372211,0.2981429028393296,-0.1955022573114011,-0.04813905401479138,0.5656807956383163,0.833576246531244,0.01413534850690974,0.1282250053143294,0.9276473600143595,0.2724884421315932,0.2072125716770544,0.04074962895023807,0.2931300261263797,-0.1478394964442817,-0.1500453618726422,-0.1718315130865041,-0.3016175427631795,865.4945054945056,844.5421245421246,851.7948717948718,847.3626373626374,778.8644688644689,-0.018921,0.111389,0.993835,-1.495361,1.443024,4.284210,1,1,1,1,1,53.625000
2017-10-10 20:46:22.268,0.3124847905955933,0.1448574039412878,0.2932803675702638,0.4497680057371832,0.2980084460751813,-0.3156817530206819,0.03431623025852097,0.6549963441591132,0.8536580203270271,-0.07139944662202835,0.1256872654217162,1.140280953231553,0.2679368083748881,0.1723827279989503,0.08372176174148474,0.2360145290558875,0.07552234669607559,-0.4143377337117758,-0.2346318825052297,-0.2479171708915773,843.3333333333334,831.2454212454213,853.8095238095239,844.1391941391942,776.4468864468864,-0.025208,0.112488,0.990784,-1.891632,1.727142,3.902893,1,1,1,1,1,53.625000
2017-10-10 20:46:23.289,0.560058264958306,-0.04076100916982176,0.302453843128089,1.129247955869179,0.4750664661941226,-0.3393267323762842,0.3862058153839891,0.5849860389466773,0.5349038772360181,-0.015298685225683,0.4620908792370088,1.089539771227653,0.2544964713211785,0.0267399824234776,0.05666112628559423,0.2808450135263525,0.1055840152287911,-0.3607248284229344,-0.1068757291483899,-0.2681096708579487,862.6739926739926,835.6776556776557,838.4981684981685,818.7545787545788,818.3516483516484,-0.028564,0.112671,0.993103,-1.525269,2.063599,4.172058,1,1,1,1,1,53.625000
2017-10-10 20:46:24.267,0.9586243337255183,-0.059963129381819,0.194592062171893,1.414383639157976,0.5334404873892016,-0.3558883474324885,0.2681921649366739,0.8122242482684587,0.5967526928318974,-0.1892138611267781,0.4644090612841119,0.8404730396197836,0.0865362956893848,0.1213836079783857,-0.09451146426781323,0.1512677812641369,-0.1607709302558733,-0.4537732713397716,-0.06800731152541052,-0.2941072773985747,843.3333333333334,846.959706959707,838.901098901099,837.2893772893773,791.3553113553114,-0.029724,0.113098,0.993042,-1.570129,1.966400,3.813171,1,1,1,1,1,53.625000
2017-10-10 20:46:25.263,0.5024518082947839,0.1326293090205884,-0.1100211408772402,1.41047106878835,0.1611569016514105,-0.323940588534099,-0.1997956209384343,0.5459041384439739,0.3342711458558306,-0.1018919365499676,-0.1722302510549612,0.8008975642762169,0.1822533008181106,0.1214872055078094,-0.1197054489448662,0.4160318688804907,0.04496263258709238,-0.4150941930831298,-0.2548962137889874,-0.2149302500579755,842.9304029304029,838.4981684981685,841.7216117216118,834.0659340659341,822.7838827838829,-0.036316,0.111694,0.992859,-1.786957,1.547699,3.887939,1,1,1,1,1,53.625000
2017-10-10 20:46:26.290,0.3158217804411375,-0.162754271914098,0.05703249404626125,2.054078096314898,0.1071237387824157,-0.3983783307812256,-0.2396799386383476,0.7725600057324585,0.3774812066968018,-0.1231659379807161,-0.01461541238433021,0.6937299154973279,0.2485360642397594,-0.09357439268323502,0.0237957230376012,0.3964694041859509,0.07443736524998321,-0.2844415606443458,-0.3822675168941266,-0.2495785986463927,848.974358974359,849.3772893772895,847.3626373626374,860.6593406593407,805.0549450549451,-0.033569,0.117981,0.993042,-0.949554,2.071075,4.306641,1,1,1,1,1,53.625000
2017-10-10 20:46:27.278,0.2204123763926311,-0.1429543783517971,0.2251127635842899,2.065697455101236,0.1354781704756817,-0.4781184371672487,-0.2042874778847968,0.870182958896119,0.6355791856971282,-0.1096402453625695,-0.3091894122409197,0.6450128903590543,0.3230765002915601,0.009831751833098687,-0.01006388167039194,0.3588190348612726,0.0320377991107383,-0.2424690722137359,-0.4351890000091549,-0.1984464540448532,846.5567765567765,841.7216117216118,846.1538461538462,864.2857142857143,847.3626373626374,-0.022339,0.114624,0.993042,-1.592560,1.121521,4.157104,1,1,1,1,1,53.625000
2017-10-10 20:46:28.289,0.4162670263201281,-0.05300752341836645,0.111044357248846,1.33473608901684,0.4179548065887483,-0.4485345647179683,-0.4374807827486091,0.8923429835163823,0.7471114818441799,-0.06367015752730587,-0.036512637313656,0.7934228480968119,0.2988837766578529,0.1148362896956626,-0.03780470143122459,0.2347844425980112,0.08692155750718272,-0.3534796032799395,-0.389532238369965,-0.2146464897417271,854.2124542124542,845.3479853479854,844.9450549450549,790.1465201465202,825.6043956043957,-0.019775,0.118408,0.989197,-1.480408,1.981354,4.082336,1,1,1,1,1,53.625000
2017-10-10 20:46:29.265,0.1793120619404238,-0.1127782974097834,-0.2497882284406042,1.702940092167436,0.2466108606179269,-0.298077156332448,-0.1127739406401251,0.6371431603145394,0.4852457653946786,-0.2619827709134408,0.1467925511305888,1.171316462995961,0.3080558154844779,0.08134794915395857,0.01725597237581731,0.3522942897950266,-0.1060697386423691,-0.4837654270015581,-0.3586357094616032,-0.2794663087255932,853.8095238095239,848.1684981684982,844.5421245421246,810.6959706959707,826.007326007326,-0.023499,0.119690,0.992676,-1.398163,1.861725,3.932800,1,1,1,1,1,53.578125
2017-10-10 20:46:30.274,0.24913042327854,-0.02356760290269622,-0.1311814428849071,1.460298953158921,0.1670632107146238,-0.4415639166720636,-0.2277876696007363,0.5366095692014677,0.4387598772179964,-0.3646264330902831,0.1082939534346228,1.136986797663939,0.3218867340553034,-0.1381286639073137,-0.008249937395480265,0.2320095817060501,-0.0808608281291206,-0.5029811828626262,-0.4810586394794243,-0.4175072168606457,870.3296703296703,848.5714285714286,850.989010989011,834.0659340659341,797.8021978021978,-0.024292,0.120544,0.990906,-1.375732,1.368256,4.358978,1,1,1,1,1,53.578125
2017-10-10 20:46:31.270,0.1474690125593221,-0.2339603320695654,-0.02782757597346761,0.7238198415781165,0.2924576029687956,-0.463621172471469,-0.3999505153351007,0.4115382542995671,0.5672612762431561,-0.1895666120717629,-0.0574333146241105,0.5413717825290927,0.3571494109365663,-0.05474604695255231,-0.05926717198479855,0.1454637827281041,-0.07343000679580916,-0.3474343096297959,-0.3119544142948363,-0.4453071233293934,835.6776556776557,846.959706959707,842.5274725274726,832.0512820512821,784.1025641025641,-0.024170,0.118286,0.995605,-1.457977,1.293488,4.560852,1,1,1,1,1,53.578125
2017-10-10 20:46:32.293,0.1761614441342914,-0.4403115862392794,-0.2962831693631012,0.6876886451442201,0.2982669563448732,-0.3936733558968426,-0.3230660227032386,0.5516840069864456,0.5096908863744384,-0.09686736864483388,-0.1937138932952355,0.8149557397726443,0.2327194157163437,0.1701738336134887,0.02644328360713594,0.2055733671245009,-0.2693641796016848,-0.4108673008333603,-0.2662461916960384,-0.3313704222814091,858.2417582417582,846.1538461538462,855.0183150183151,852.1978021978023,769.5970695970697,-0.021362,0.114990,0.990234,-1.816864,2.123413,4.015045,1,1,1,1,1,53.578125
2017-10-10 20:46:33.273,0.1525281156872546,-0.3287231418207467,-0.4343046174452901,0.8339508602928506,0.2456590787172036,-0.265037561916533,-0.3267056990223162,0.6825782525016068,0.5058278367907459,-0.09539894386106301,-0.1553253387036444,0.8362487125279856,0.09933542206059275,0.07353740505280396,0.1210941040956254,0.210453960287049,-0.06329543825326574,-0.4067040852221894,-0.3430239366094748,-0.2875149450653819,838.901098901099,840.5128205128206,836.0805860805862,835.2747252747253,785.7142857142858,-0.023438,0.119629,0.991394,-1.689758,1.540222,4.187012,1,1,1,1,1,53.578125
2017-10-10 20:46:34.265,0.5551284930928743,-0.1093523119856805,0.1252000735977554,0.9911502589831315,-0.1006108779269369,-0.2316251727184925,-0.2582389023813803,0.6806125575641633,0.5938343534482204,-0.04449437602999306,-0.109640472338555,1.032214511447623,0.311817796632225,-0.01270288870905764,0.09361448896317874,0.4081237555351014,-0.126317954663946,-0.1647760546425271,-0.4040500723476249,-0.187968146177029,844.5421245421246,845.3479853479854,870.7326007326008,830.4395604395604,864.2857142857143,-0.024048,0.115112,0.992065,-2.287903,1.734619,3.596344,1,1,1,1,1,53.578125
2017-10-10 20:46:35.262,0.958045080434008,-0.2462039072137892,0.7350235662403071,1.1678915780133,0.5712828099921164,-0.3861983608672954,0.2999935999604184,0.7340983800141342,0.7405860891432242,-0.2459064005270417,0.1325245042246936,1.05489921043288,0.2941623993027435,-0.04775581612355743,0.01116473923202855,0.3176692612870266,-0.04566179975811911,-0.28193632225746,-0.4370105504907476,-0.1505806612596434,855.0183150183151,833.2600732600733,849.3772893772895,807.8754578754579,801.4285714285714,-0.029175,0.117371,0.992493,-1.629944,1.405640,4.052429,1,1,1,1,1,53.578125
2017-10-10 20:46:36.288,1.05268789758164,-0.07819381260196279,0.5498160435537827,1.3769271122323,0.6253878136289432,-0.5954304711007379,0.2617378697714524,0.9763275442218111,0.7222965221209459,-0.4524612934297269,0.06803270532194773,0.951623125390065,0.1351857354321596,-0.04488336952562342,-0.1307843156469294,0.1902278444515949,-0.08176812150501958,-0.7204670145071083,-0.4585028635719056,-0.2347866222573336,847.7655677655678,850.1831501831502,844.9450549450549,795.7875457875458,802.6373626373627,-0.033325,0.115234,0.995056,-1.128998,0.904694,4.695435,1,1,1,1,1,53.578125
2017-10-10 20:46:37.262,0.1987472776611698,-0.1547597858305821,-0.2284514138396126,1.216480748443102,0.2588083009509672,-0.4122790722799506,-0.40644002163912,0.8188669245171352,0.6399198652837275,0.1805618001206133,0.02390332490096914,0.8431241236082516,0.2412007391373494,-0.02547448690890208,-0.01960537936293029,0.2199381461525319,-0.1286693811819607,-0.5016783322421426,-0.4385423404377987,-0.4207019417574716,859.4505494505495,847.7655677655678,843.3333333333334,825.2014652014652,800.6227106227107,-0.029114,0.117737,0.992371,-1.555176,1.734619,4.358978,1,1,1,1,1,53.578125
2017-10-10 20:46:38.278,0.2179557416575223,-0.2077618616058578,0.1104991674927798,1.527948502799912,0.1390179407873859,-0.1302318420870839,-0.1422325903723327,0.672595684563521,0.6420686795676881,0.1238826557254497,0.1174285182717489,1.293831944720066,0.2707105511135382,-0.01703872690012301,0.0633040201610859,0.2043710365604403,-0.07731246064839786,-0.4590021836007944,-0.4541840661155415,-0.3524213878780807,845.3479853479854,841.3186813186813,848.5714285714286,826.8131868131868,830.4395604395604,-0.029480,0.122009,0.992371,-1.472931,2.108459,4.194489,1,1,1,1,1,53.578125
2017-10-10 20:46:39.297,0.08323619944022712,0.04126646565845465,0.4580482241237626,1.512304002949476,0.08731035521465259,-0.0818422761710085,0.003704125691145673,1.083942691880275,0.4922028307448676,-0.101378489468336,0.05062737139116723,0.8385149163060565,0.2783430257174795,-0.2268316726818796,0.08594350520220943,0.6704386619716308,-0.06822883887953755,-0.5953599092413394,-0.4409013702925242,-0.1640549862416862,863.0769230769231,845.3479853479854,848.5714285714286,830.0366300366301,801.8315018315019,-0.033813,0.121155,0.992371,-1.772003,1.734619,4.022522,1,1,1,1,1,53.531250
2017-10-10 20:46:40.286,0.01775012200060216,-0.2082605488828887,0.3534542272166864,1.598996245134991,0.1220059431208724,-0.2026402114570919,-0.1488386786753512,1.089040151028078,0.6792607905910836,0.02974798456029085,0.03571011140480982,0.9589340069186307,0.2714650318707902,-0.01599073401569857,0.05233866230678957,0.5482676037328531,-0.06254234321487917,-0.6702341488504204,-0.3177101359009955,-0.07567762278471842,847.7655677655678,838.0952380952381,849.7802197802198,827.6190476190476,811.9047619047619,-0.029175,0.119385,0.992676,-1.360779,2.041168,4.149628,1,1,1,1,1,53.531250
2017-10-10 20:46:41.262,-0.101603172701919,-0.5070509098949397,0.2822749843713441,1.419538867428321,-0.05299309994130457,-0.3396045555038768,-0.1006927063937085,0.7566580391342989,0.6911777452957661,-0.03387093744841271,-0.01292758602653334,0.9070186188873313,0.2654286699096994,-0.1089288079412908,-0.03817775920704179,0.387255038930165,-0.1120505468060434,-0.6371550288711156,-0.327841295970178,-0.1129617988251324,849.7802197802198,836.4835164835165,837.2893772893773,834.8717948717949,818.7545787545788,-0.042664,0.113037,1.000427,-1.203766,6.056213,3.282318,1,1,1,1,1,53.531250
2017-10-10 20:46:42.286,-0.1653784032130121,0.1145906645042127,0.3955291096719492,1.266309898061575,-0.08635648928017631,-0.2011039931793686,-0.2344883856885703,0.7501480878550126,0.8236229491379361,-0.06684081111570692,-0.105030546526255,0.6358681898370375,0.3016254540160268,-0.1855500757509568,-0.02576995243805749,0.3248282113431359,-0.02262284831790258,-0.4325644570104714,-0.3226841412515544,-0.3000002399332865,871.1355311355312,853.0036630036631,846.959706959707,845.3479853479854,842.9304029304029,-0.117798,0.148987,0.983093,1.016846,4.830017,4.695435,1,1,1,1,1,53.531250
2017-10-10 20:46:43.278,0.04073635528142309,0.549370947041031,0.2289550590406107,0.7704368550188027,0.07952649899211878,-0.095200400091573,-0.4654036605438079,0.6603721925445809,0.8125776749871594,-0.0330136062806565,0.04799613550498345,0.7631697446221939,0.09039250349660238,-0.003096974217702324,0.1107429676359208,0.3001795946202713,-0.1490822698682083,-0.3825602415882642,-0.3527924695203637,-0.3572937533960098,853.0036630036631,850.1831501831502,850.989010989011,844.5421245421246,832.4542124542124,-0.094727,0.104004,0.994019,-4.291687,-8.411407,-9.338531,1,1,1,1,1,53.531250
2017-10-10 20:46:44.289,0.8167715497271979,0.6135945320878072,0.4460189950341834,0.730449053189371,0.4881626788672996,-0.1270207882758659,-0.1959473422488869,0.6387914437869368,0.952016331638218,-0.01814882567819773,0.002933836705620078,0.8257700116752428,0.2265374018332829,-0.05993367318161698,0.0407776535057643,0.3663748311854286,-0.1147059894965019,-0.4602326603472955,-0.3159110450301431,-0.2095381930500714,836.0805860805862,865.8974358974359,832.8571428571429,812.3076923076924,845.7509157509157,-0.158142,0.122070,0.955994,-13.480682,-5.039368,-14.669495,1,1,1,1,1,53.531250
2017-10-10 20:46:45.263,1.174367429355867,0.7793175823661168,0.2274539988597599,1.160981507295343,0.8026949232020678,0.2132822936176069,-0.02216349745027901,1.0800587608281,0.7624665090770694,0.1422085633694944,0.0791355795583845,0.7977121817303836,0.3201946169351018,0.05197234706355743,-0.004762799465775238,0.3003351920867999,0.00733376121998914,-0.4593561067643369,-0.3639187868708786,-0.09081654898552903,826.007326007326,852.1978021978023,856.6300366300367,823.992673992674,807.8754578754579,-0.105957,0.096008,1.018005,-8.658142,1.099091,-3.229980,1,1,1,1,1,53.531250
2017-10-10 20:46:46.278,1.276460327170206,0.7664004345142329,0.1150815531401967,1.306726612314572,0.6913060806377223,0.05655905784354012,-0.09338025079447743,1.04188865513916,0.4477558355334788,0.0902114562089721,0.03919690697279235,0.8504014680330004,0.1662004180363052,0.02094860543602814,0.1464475142185497,0.3916440640334592,-0.2234675369082124,-0.4096059812579203,-0.2417553998708858,-0.1903347908670393,858.6446886446887,847.7655677655678,844.9450549450549,830.8424908424909,805.4578754578755,-0.117004,0.131531,0.996033,0.523376,3.596344,6.018829,1,1,1,1,1,53.531250
2017-10-10 20:46:47.263,0.7888606265056758,0.06653146078281007,-0.2172849555852668,1.036197137057672,0.348048484340627,-0.5659781733665783,-0.4069496390374878,0.1827699821550411,0.6419004534935037,-0.2332561048126674,-0.06856759966603504,0.6939604208342907,0.2734510081547364,-0.116118526908565,0.1624403449375,0.3251500642228125,-0.06113362913343222,-0.3516723199304926,-0.1383871098337978,-0.191731510392716,834.4688644688645,853.4065934065934,835.6776556776557,819.5604395604396,791.7582417582418,-0.124023,0.099854,0.985718,-2.758942,3.155212,4.261780,1,1,1,1,1,53.531250
2017-10-10 20:46:48.263,0.06200965026110781,0.1427783281475322,0.3154179048090396,1.116454366351421,0.1258740462551208,-0.5876187749095897,-0.2309367061169666,0.8013105974872633,0.5574278065158258,-0.3273724826078099,0.0134343817899561,1.123849618455657,0.2825632809358958,-0.252768676147445,0.1701642381204549,0.4092139579826634,0.03294967880443166,-0.3993011565759376,-0.2872781770882905,-0.1325480322159045,856.2271062271062,841.3186813186813,847.7655677655678,805.4578754578755,800.2197802197802,-0.111267,0.097839,0.986145,-2.011261,1.936493,4.157104,1,1,1,1,1,53.531250
2017-10-10 20:46:49.280,-0.03397364521270457,-0.1793453766366188,0.2356680327789574,1.485018431065027,-0.008978765135992117,-0.510395148261484,-0.1955547618611835,0.8946089517658478,0.2930705071930678,-0.2563598682242755,0.05725596569404302,1.119735162803013,-0.02140729316442593,-0.008147626595354764,0.03020418140737398,0.3693477628272308,-0.1228872757474503,-0.3986172361409813,-0.4841037413722925,-0.09996797139073725,854.6153846153846,850.1831501831502,850.1831501831502,867.1062271062272,823.1868131868132,-0.112610,0.106384,0.982056,-2.138367,1.996307,4.104767,1,1,1,1,1,53.500000
2017-10-10 20:46:50.262,0.01598067027206419,-0.3256421388878977,0.1015195959281696,1.166357265105117,-0.01205656187439917,-0.357989068335305,-0.2708088851438202,0.8571655452159312,0.7289894083510472,-0.1808102333298017,-0.003616742216437619,0.9389399727615907,0.1806328872286699,-0.01033054407353119,-0.003778928067135866,0.2144247747632727,-0.2002481415413811,-0.5511839176883324,-0.5839718574534446,-0.1362992171395569,865.0915750915751,844.9450549450549,855.0183150183151,871.941391941392,815.5311355311355,-0.125000,0.107483,0.985779,-1.839294,2.325287,3.626251,1,1,1,1,1,53.500000
2017-10-10 20:46:51.275,0.1957717764178306,-0.142855532903547,0.08364039445755432,1.023763107915621,0.05983366612189053,-0.2351009218650607,-0.1719922675084543,0.7456148823449921,0.7413408133437652,-0.1551874509805521,0.09938241311220028,0.9474545252196596,0.2278642094873519,-0.04020140548948115,0.09126130725379501,0.1832527634656403,-0.06934034589087264,-0.447269035096673,-0.5864417519925141,-0.2807556525685023,846.1538461538462,836.4835164835165,858.2417582417582,823.5897435897436,824.3956043956044,-0.116272,0.111023,0.985046,-0.912170,1.734619,4.179535,1,1,1,1,1,53.500000
2017-10-10 20:46:52.266,0.2027834127147326,-0.1354607583638257,-0.01294460817831033,0.9040658646896406,0.250740035253346,-0.3144409639461702,-0.1674673257419632,0.7788448835264186,0.6319376231232592,0.07927427966142792,0.1106596585261771,1.22479106252395,0.177582528988913,-0.01806935892544356,0.207649503304554,0.3953262166174973,-0.1333812790589204,-0.3773790784624022,-0.6372467345209801,-0.3966412002355271,837.2893772893773,835.6776556776557,859.4505494505495,832.8571428571429,840.5128205128206,-0.107361,0.119263,0.987305,-1.570129,0.919647,4.493561,1,1,1,1,1,53.500000
2017-10-10 20:46:53.286,0.4114284902882616,-0.1143561753925154,0.1586316854556925,1.522942361891595,0.3775916831843793,-0.4401067352392192,-0.03025394453177586,0.8653886869779329,0.92633451769204,-0.01441475674169153,0.2334354581220925,1.570006332207685,0.1081010430673276,0.01847731440935718,0.1183080379769393,0.5676477454379555,-0.1161106511590094,-0.351681784234341,-0.3077470674299765,-0.1875958095006032,843.3333333333334,842.5274725274726,847.7655677655678,835.2747252747253,814.7252747252747,-0.109985,0.116699,0.989624,-1.383209,2.736511,3.835602,1,1,1,1,1,53.500000
2017-10-10 20:46:54.263,0.1903613861726487,-0.2542305370648246,0.3104475201448858,1.674064805632001,0.07474016745475831,-0.4243656478866479,-0.374312991289196,0.9053676040450995,0.9156284317393352,0.08525079309916535,0.1906029308566759,1.575356441579113,0.04684889201903364,-0.03194556841626995,0.06791627470484468,0.4821158282298423,-0.0797977821782999,-0.4092685890487907,-0.3328849390407865,-0.2008982138002076,854.2124542124542,842.5274725274726,848.5714285714286,837.2893772893773,810.2930402930403,-0.109619,0.121765,0.984863,-1.547699,1.338348,4.695435,1,1,1,1,1,53.500000
2017-10-10 20:46:55.285,-0.1824360570390154,-0.4569509615097061,0.06142420995761886,1.29139511572787,-0.09161295444445292,-0.417508267165662,-0.469077333304275,0.6575848312088556,0.7277141313524997,0.05239360566231775,0.2981391388317963,0.9809631824438472,0.07872871473076401,-0.02022113021624748,0.05236307599075059,0.480431361136986,-0.08937688992058378,-0.56711999670399,-0.4533501291099882,-0.1748228456507408,848.5714285714286,846.5567765567765,853.4065934065934,846.959706959707,800.2197802197802,-0.112305,0.117981,0.984802,-0.979462,0.553284,5.144043,1,1,1,1,1,53.500000
2017-10-10 20:46:56.283,-0.04878724600688562,-0.6138760458694367,-0.2116491167684415,1.443454905112089,0.1063957978013986,-0.322897366065085,-0.432976133412076,0.5543373707810463,0.540127137287212,-0.04342433689041817,-0.2664697571894252,1.022177322972745,0.1974522061201438,-0.06726867496445045,-0.1313948618267581,0.4416595921472812,-0.007429489015865039,-0.5413551742581274,-0.4272666454687501,-0.2921138604263499,845.3479853479854,838.901098901099,848.974358974359,845.3479853479854,813.5164835164835,-0.101807,0.118835,0.988464,-1.151428,0.052338,4.433746,1,1,1,1,1,53.500000
2017-10-10 20:46:57.280,-0.2753587289933563,-0.3708104666073554,-0.07159044261444616,1.175345375334671,-0.01224933560970454,-0.3296818970269524,-0.4333035535296437,0.56087398892414,0.7017138826302596,-0.02481750666871396,-0.1044651662014459,1.070688959569025,0.04742197352229031,-0.1073783677725841,-0.0584602457495016,0.2890302033681621,-0.1268247766012915,-0.4907787008544014,-0.3464892593864758,-0.1326269737576445,855.0183150183151,853.0036630036631,850.1831501831502,836.4835164835165,843.7362637362637,-0.106995,0.123352,0.986694,-1.263580,0.934601,4.650574,1,1,1,1,1,53.500000
2017-10-10 20:46:58.267,-0.1397992137629232,-0.3268314358181701,-0.2232636105662391,0.8623170159661225,-0.5489744646081814,-0.526748223244116,-0.4551672637511392,0.754602225088627,0.5284025482764775,-0.06772064696900415,-0.1083457993885782,1.047210384997264,0.04232220827104322,-0.0706469249736959,0.04780771515032505,0.3278203966015075,-0.08695982955650819,-0.5407654911767648,-0.5052417518135504,-0.09094489867944412,848.974358974359,848.5714285714286,841.3186813186813,846.1538461538462,846.1538461538462,-0.102356,0.124084,0.983826,-1.278534,0.538330,4.590759,1,1,1,1,1,53.500000
2017-10-10 20:46:59.274,-0.1880433847578801,-0.4120135312358155,0.01783977699066561,1.198041862987317,0.008539255090009641,-0.6346766160798556,-0.366257455031155,1.208982240235528,0.6913651035417553,0.03757449056098677,-0.1917063063710004,1.174148487185393,0.1462306120136353,-0.1540094743550028,0.04423695187372323,0.4496516855354143,-0.02608486665695108,-0.4431709417319263,-0.5509690606733283,-0.1336618643793901,856.2271062271062,848.974358974359,847.7655677655678,861.8681318681319,776.4468864468864,-0.107849,0.124451,0.982544,-1.360779,1.226196,3.985138,1,1,1,1,1,53.453125
2017-10-10 20:47:00.263,-0.1137098866052768,-0.1765966085469476,0.08001709279997389,1.650788896957115,0.0483032439700987,-0.4351778922654127,-0.2178961626052618,0.9031959177985516,0.865908386357881,0.1522876578919234,-0.02036688550898045,0.9231052617630943,0.2412786039275487,-0.2217610767325844,0.06582300120508766,0.2667220333412584,-0.03207508848975245,-0.3896786921629086,-0.4898374731477819,-0.2604725896087636,859.047619047619,850.5860805860806,855.4212454212454,864.6886446886447,783.2967032967033,-0.096619,0.124268,0.985718,-1.413116,1.069183,4.530945,1,1,1,1,1,53.453125
2017-10-10 20:47:01.266,0.6210232385140563,-0.0195026283736824,-0.1459003811075948,1.789506240817506,0.3135480132763107,-0.1584611834312706,-0.2337092581816739,1.234949157587325,0.9179824697255067,0.1496029919249933,0.08420579035946145,0.8540820335396903,0.05853248663930592,-0.1399210315186572,0.05731219992623049,0.1111070384052964,-0.1480518557824283,-0.4421399056882019,-0.4780448283841341,-0.2329544961106033,859.4505494505495,845.7509157509157,846.959706959707,870.7326007326008,791.3553113553114,-0.089844,0.123413,0.987122,-1.600037,1.510315,4.710388,1,1,1,1,1,53.453125
2017-10-10 20:47:02.264,0.4947270282525083,-0.112423420045763,0.1053683511569935,1.273873321694934,0.3467383677912678,-0.2188243532277381,-0.3942158111985183,0.9981047497763463,1.131988171225088,-0.03416443316767707,0.04020262877516659,0.8925258976159975,0.04061359752255041,-0.03734074149792319,-0.08284891056889052,0.2375574099730763,-0.1550339001111153,-0.6865867202953233,-0.3688532928512316,-0.2711200765225885,852.1978021978023,845.3479853479854,846.5567765567765,831.2454212454213,841.3186813186813,-0.063782,0.123962,0.990967,-3.185120,1.383209,2.018738,1,1,1,1,1,53.453125
2017-10-10 20:47:03.262,0.04461332870146681,-0.4235650871288721,0.08630024090545955,0.9895219395151144,0.3453962818088354,-0.3637934537562101,-0.2724122026021142,0.6774829971517773,1.134705441372382,-0.02159797874702954,-0.24407950782997,0.8953325628225317,0.1565963276490338,0.03454965933494401,-0.003613593546536576,0.2799474247935061,-0.2606077839353133,-0.6142515377220521,-0.275822556219591,-0.2047224593697061,850.989010989011,848.5714285714286,844.1391941391942,837.2893772893773,852.6007326007326,-0.069031,0.125183,0.986572,-1.876678,1.338348,4.074860,1,1,1,1,1,53.453125
2017-10-10 20:47:04.285,0.1179587856052564,-0.5389442570747468,0.007978338212609917,0.9376087498716572,0.1301876059018096,-0.3181563016798658,-0.2295711679530401,0.6426443237632088,0.9861747841675411,-0.04035009077695612,-0.2215606285370461,1.051252767646724,0.2359565289893452,0.01646514917287838,-0.02868940798761217,0.2148631991273815,-0.1045271427959493,-0.5583972745257477,-0.3039494495475051,-0.1935255291736747,842.9304029304029,850.5860805860806,854.2124542124542,848.5714285714286,832.4542124542124,-0.068970,0.125183,0.988953,-1.667328,1.196289,4.246826,1,1,1,1,1,53.453125
2017-10-10 20:47:05.269,-0.1177457631647781,-0.7568017228341593,0.2473543149812902,0.9009591866834866,0.1439269650008256,-0.3324271048597084,-0.276589031137676,0.6930714738109776,0.7824285383137242,-0.3477225148545211,-0.09017090670297513,1.266033936569995,0.2361691574015034,-0.02292927222489168,0.01751391555335298,0.3268443221771347,-0.05342605230574012,-0.5615839491794943,-0.4974330859235119,-0.2296795872592307,838.901098901099,846.1538461538462,852.1978021978023,846.5567765567765,819.1575091575091,-0.066101,0.132385,0.989563,-1.196289,2.041168,4.852448,1,1,1,1,1,53.453125
2017-10-10 20:47:06.265,-0.191529292986581,-0.5097008104577718,0.0312468067334908,1.341691456174058,0.04770833954598248,-0.3885651235446522,-0.3537211412457098,0.7497641936789828,0.580142194157704,-0.2354244383340062,-0.04943528845008057,1.266033936569995,0.3085971903517822,0.05235513714400464,0.1140261380388,0.2978832345989026,-0.1307436407210823,-0.4405699764332056,-0.5107658107992747,-0.2552151284544193,848.5714285714286,845.3479853479854,853.4065934065934,856.2271062271062,815.934065934066,-0.065674,0.124695,0.994873,-1.457977,2.811279,4.336548,1,1,1,1,1,53.453125
2017-10-10 20:47:07.283,-0.04922084627514793,-0.4754109888191123,-0.07631343392425703,1.337726481599507,0.07082535142406395,-0.3996083501391961,-0.3100349922403703,0.4141213262584333,0.6816035740732269,-0.1011889088323576,-0.01117588320649323,0.5605141856899987,0.2737056881519839,0.1093708428614661,0.1344713762903152,0.1960554307214318,-0.1471923522459397,-0.5669309566660766,-0.5737419587941578,-0.1508779330586894,842.5274725274726,835.6776556776557,857.032967032967,843.7362637362637,778.4615384615385,-0.068970,0.124817,0.990906,-1.420593,1.973877,4.157104,1,1,1,1,1,53.453125
2017-10-10 20:47:08.272,0.04303810694007563,-0.417259837695216,0.01416733735164029,1.370701116126337,0.6064205752758999,-0.2591975558341448,-0.2101192591075835,0.3204967970501711,0.8044557761703793,0.05763441048532317,0.0437961863655153,0.4577577241892447,0.2398405806166416,-0.04046767929365504,0.1159043785600315,0.271157202309698,-0.09654917372117991,-0.6574512093539736,-0.5264372950685628,-0.2062807011148904,855.4212454212454,846.959706959707,843.7362637362637,846.959706959707,820.3663003663004,-0.069885,0.121338,0.988220,-1.398163,2.706604,4.052429,1,1,1,1,1,53.453125
2017-10-10 20:47:09.288,0.1578066209126377,-0.5980141226551936,0.1662261394176361,1.451956954939186,0.5416205928237331,-0.2455712322554572,-0.2795778210859776,0.5468468313630359,0.8610205277412202,0.03962063429906015,-0.04564611616274787,0.9912784496030893,0.2363288550901313,-0.05807603072538543,0.03966476123205673,0.2545192761445948,-0.06827427083928618,-0.5403602375863448,-0.3222471345227375,-0.1992353995272532,852.6007326007326,846.5567765567765,860.2564102564103,842.9304029304029,833.6630036630037,-0.062866,0.125793,0.992432,-1.114044,1.016846,4.583282,1,1,1,1,1,53.421875
2017-10-10 20:47:10.263,0.230022554516406,-0.5435337547781752,-0.1152495212005404,1.205716449738826,0.3389223720250241,-0.3858656460846052,-0.4912500993909094,0.7205005468602651,0.9860312566007139,-0.1102608856427666,0.06235532460709542,1.220646178038586,0.1121077067765752,0.05788586844229952,0.01362880189927505,0.269112263019418,-0.05651097425140325,-0.5390749049624602,-0.4242355937809967,-0.2566713996521457,847.7655677655678,851.3919413919414,850.989010989011,838.4981684981685,815.934065934066,-0.066833,0.124573,0.992004,-1.824341,1.816864,4.261780,1,1,1,1,1,53.421875
2017-10-10 20:47:11.273,0.2388548808214995,-0.4360007167709592,-0.4100572747206032,1.057199077091101,0.3590817550460443,-0.3536149240373733,-0.4727619630402065,0.5391731423955665,0.9704726611377801,-0.07543092294420328,-0.02292516137594284,0.8984022494653098,0.1660926192286078,0.0008109894974440959,0.09890990511276385,0.2135688066192002,-0.08920692389286619,-0.392538770198078,-0.4315286103149197,-0.309102586541782,860.2564102564103,850.5860805860806,842.9304029304029,835.2747252747253,788.5347985347986,-0.071167,0.120178,0.991882,-1.211243,0.979462,4.261780,1,1,1,1,1,53.421875
2017-10-10 20:47:12.276,0.1504093917584576,-0.6354999172922231,-0.1225996162402399,1.083071165079688,0.33651747023129,-0.2772502036250222,-0.3883962955678193,0.7837856498797927,0.7116341444367582,-0.09674095719762064,-0.03389759963305443,0.6977206274589183,0.1596507095276955,-0.0445527934636182,0.1245066251355527,0.1920346674686341,0.06947425174964809,-0.46369112541679,-0.3537737179019946,-0.2071451184255356,859.8534798534798,853.0036630036631,849.7802197802198,875.1648351648352,847.7655677655678,-0.065552,0.120056,0.992798,-1.600037,1.293488,4.463654,1,1,1,1,1,53.421875
2017-10-10 20:47:13.288,0.2413038235414657,-0.7446290725029688,-0.1270819750931706,1.411914613791736,0.1591315620746183,-0.6775191078560192,-0.628575953325093,0.4947337996981249,0.8133516405741219,-0.2297799671434755,0.002354756623232862,0.8763052425719975,0.1738552341000659,0.0298155402413335,0.02298429395323626,0.1931345730250991,0.07335728363156761,-0.4847405494708523,-0.3138373911203254,-0.30862617455789,846.1538461538462,853.8095238095239,857.032967032967,835.2747252747253,818.7545787545788,-0.060364,0.124329,0.991821,-1.719666,2.257996,3.648682,1,1,1,1,1,53.421875
2017-10-10 20:47:14.268,0.5738437234914766,-0.5656396934339937,-0.07336877898933328,1.562395787549369,0.3351057268165887,-0.3798545843621339,-0.5004446493507456,0.53572003158624,0.8510443376663146,-0.1239224894762748,-0.06341578141233406,0.9370040366734667,0.2151731286842438,0.08575008930970553,-0.003119445242269292,0.3860261757023731,0.1458748145730064,-0.5889850759096488,-0.2854436364826204,-0.08954249994386385,839.3040293040293,849.3772893772895,848.5714285714286,842.9304029304029,852.6007326007326,-0.073669,0.121887,0.992859,-1.128998,-0.560760,4.097290,1,1,1,1,1,53.421875
2017-10-10 20:47:15.268,0.5268573214707492,-0.171434222426322,0.03814296454494916,0.8990874409483315,0.3062577733104456,-0.2788098439932107,-0.2962089029844967,0.6011283717463389,0.8285775439728021,0.2833072398875048,-0.05910187017678709,0.9080175715172171,0.3835276804687734,0.1889146429845141,0.06055643805370489,0.3436413100494542,0.1830899045711206,-0.3888986908108886,-0.2163197153104047,0.09679751195441917,833.6630036630037,836.8864468864469,850.5860805860806,846.5567765567765,828.4249084249085,-0.075928,0.117920,0.989746,-2.048645,1.487885,3.648682,1,1,1,1,1,53.421875
2017-10-10 20:47:16.288,0.3526414619024175,0.1241944341595678,-0.05417329265293539,0.4214748952475643,0.2258804867506119,-0.1831783263020447,-0.3663272125176772,0.2798184371296223,0.7084277905526604,0.2029260503126527,-0.0469626535272864,0.756523724882406,0.2821428761080144,0.1464083983992763,0.04850683762134392,0.1892481285249034,-0.02922399655504567,-0.546606574621239,-0.3300302771441303,-0.2180210919969003,854.6153846153846,851.3919413919414,850.5860805860806,863.4798534798535,843.3333333333334,-0.071472,0.117737,0.986877,-1.360779,0.934601,4.448700,1,1,1,1,1,53.421875
2017-10-10 20:47:17.296,0.2551578183938462,-0.07274262259356858,0.08795231419796835,0.8685012712307797,0.2529854160730748,-0.1410673052662488,-0.227420490790477,0.5580659751756846,0.5309849063779098,0.01434984299399232,0.01690527610835852,0.6398314576651204,0.1912865015240325,0.02418576655193001,0.03592849574986656,-0.03262875186680066,0.002958570444086795,-0.5657807730359709,-0.331304901535486,-0.2819439984871572,843.7362637362637,856.2271062271062,836.8864468864469,818.3516483516484,852.6007326007326,-0.081848,0.128296,0.989136,-1.629944,2.848663,4.246826,1,1,1,1,1,53.421875
2017-10-10 20:47:18.263,0.1397802068055641,-0.186778204509943,0.1446747561879283,1.112468169700679,0.1739490496549606,-0.2298224796169854,-0.06796868816787141,0.6995857383546303,0.3241259511562045,-0.09297833221412484,0.01615630909251168,0.615888190719887,0.2051050053925284,-0.08527100086308975,0.03120201936410313,0.04599612651275289,-0.07873437745720739,-0.5556794912256191,-0.3853864182091046,-0.4311435682428076,849.3772893772895,844.5421245421246,842.9304029304029,843.3333333333334,807.8754578754579,-0.063721,0.137085,0.985291,-1.158905,0.403748,3.985138,1,1,1,1,1,53.421875
2017-10-10 20:47:19.263,0.2071579546610836,-0.05595603559692612,-0.06405461205858988,1.424896557707327,0.2040441449011733,-0.234103011560594,-0.3373990905664113,0.6852286228501039,0.4107276536746274,-0.113226989520985,-0.1486426013671264,0.3567346100537728,0.1305996027207847,-0.01202268787881554,-0.07383922326579308,0.08558039266642739,-0.1534837115909295,-0.3226746269701451,-0.3971017555976491,-0.3616722466786373,857.032967032967,845.7509157509157,853.8095238095239,850.989010989011,868.3150183150184,-0.069519,0.127808,0.995300,-1.555176,-1.248627,4.538422,1,1,1,1,1,53.375000
2017-10-10 20:47:20.282,0.7456626740324259,-0.1535487085510749,-0.0003281825951684521,1.194093390911047,0.09316601601428523,-0.4146433782821099,-0.2182539460523114,0.4443884381569799,0.3153229950262682,-0.2685685438546113,-0.1204597709579097,0.7792199044704893,0.2371020914396915,0.04689580636463374,0.05072523835557396,0.08814216835120903,-0.06932867205462516,-0.2997716222124249,-0.3135594554980338,-0.3558979950837944,854.2124542124542,845.7509157509157,846.959706959707,853.8095238095239,829.2307692307693,-0.105408,0.123169,0.985352,0.149536,2.504730,5.360870,1,1,1,1,1,53.375000
2017-10-10 20:47:21.271,0.4163521697881855,-0.2070355845943076,-0.4481649521471316,0.8523347703357151,0.001492993550975471,-0.1835754529945422,-0.268836235824749,0.311863498284923,0.3725966007298741,-0.0240629154456846,0.06572089908603196,0.7211513790228148,0.2493221998166305,-0.1215657503046803,0.08240582461787938,-0.004116625157522273,-0.01859994454488949,-0.4197896316460571,-0.3275133214801163,-0.2579483172911099,842.9304029304029,851.7948717948718,847.7655677655678,859.047619047619,826.8131868131868,-0.089417,0.121399,0.987061,-1.286011,2.041168,4.142151,1,1,1,1,1,53.375000
2017-10-10 20:47:22.263,0.00587228867573487,-0.255223841535227,-0.5887899775259201,1.183245006400605,0.05186468903748772,-0.3156796340107286,-0.3967097539817588,0.4677675887094701,0.4859807899837967,-0.0248955377298366,-0.03686323977721076,0.7818419458401106,0.2335351128411614,-0.266785404829933,0.02900239872175103,0.1062471852089108,-0.1085893099758661,-0.6638475097548056,-0.2405732508471597,-0.3643038080381351,849.3772893772895,848.1684981684982,854.2124542124542,825.2014652014652,829.6336996336996,-0.091492,0.126221,0.983154,-1.413116,3.289795,6.220703,1,1,1,1,1,53.375000
2017-10-10 20:47:23.265,0.5565399944638524,-0.3127428608784067,-0.1405419262866893,1.195578628870779,0.1743332509059545,-0.367016949630431,-0.2580978431518382,0.5682967184080446,0.7990577272001715,0.03999717159676066,-0.005840693535710204,1.057769922517759,0.4286367064512019,-0.02815444920946686,-0.001861435548546557,0.4733511149124737,0.3714901545586201,-0.3561042572239593,-0.2405116915078484,0.3909556954952921,855.8241758241759,842.9304029304029,851.3919413919414,841.7216117216118,792.1611721611722,-0.088623,0.123901,0.988220,-1.540222,1.936493,3.828125,1,1,1,1,1,53.375000
2017-10-10 20:47:24.288,0.7676068133862383,0.1414780433100419,0.02603650020358604,1.102668941229102,0.05516449516805168,-0.4316868286543005,-0.1311052841857334,0.4513285982927209,0.7328555374113022,-0.03061105308323909,-0.1378706113696671,0.8248437343521542,0.3596389335143073,0.01225901725139911,0.05120617163702977,0.3498604063372498,0.2910057176613733,-0.2416541156829328,-0.2235435555333616,0.2893862065095995,848.1684981684982,846.959706959707,846.5567765567765,854.6153846153846,846.959706959707,-0.083679,0.127258,0.988037,-1.719666,1.914062,3.573914,1,1,1,1,1,53.375000
2017-10-10 20:47:25.289,0.0969285993546008,-0.07598850791262626,-0.03574056652317716,0.9272214676541344,0.09254554898998582,-0.518796641600574,-0.2154000340831931,0.3461459028855282,0.4092540514878362,-0.06059188355905104,-0.2831471882987611,0.806360694524347,0.190716902233262,-0.07721900415089487,-0.03839265929408979,0.155550663663411,-0.008320538983202602,-0.3743458829054612,-0.3683672579684001,-0.3858188150117381,852.6007326007326,853.8095238095239,853.8095238095239,858.2417582417582,805.0549450549451,-0.085449,0.126709,0.986877,-1.801910,1.809387,4.029999,1,1,1,1,1,53.375000
2017-10-10 20:47:26.262,-0.3509793357929939,0.0692123903190079,-0.1561287741715448,0.927161474696341,0.0750982067827026,-0.1575729078063557,-0.6344521217134013,0.5127549790311051,0.6898859714110873,0.069414770774711,-0.3552223326853748,0.9984350524732799,0.08798385921950821,-0.0255896143470423,-0.1268110245918974,0.2631072992084264,-0.01207678725942011,-0.3911101846266228,-0.387184516283805,-0.4540170677637924,837.2893772893773,856.6300366300367,846.1538461538462,861.4652014652015,837.2893772893773,-0.080383,0.128174,0.986938,-1.697235,1.951447,4.142151,1,1,1,1,1,53.375000
2017-10-10 20:47:27.263,0.009414862071432937,0.3364123273105991,-0.224942532013729,1.104404012639178,-0.007493802330451901,-0.1763297618331918,-0.4231875380126258,0.7115227118645565,0.6808180589310477,-0.09964853678589193,-0.4991065526294651,0.9618423443784744,0.1962173036196471,-0.07211262713774191,-0.1945672205216814,-0.001139342553869015,-0.1129913836996791,-0.6330715845979018,-0.4827920271975288,-0.3880270579874154,855.8241758241759,845.3479853479854,829.2307692307693,841.3186813186813,846.5567765567765,-0.078491,0.124573,0.986755,-1.779480,1.876678,4.336548,1,1,1,1,1,53.375000
2017-10-10 20:47:28.266,-0.107031076593714,0.03367793645229852,0.9201800307176914,0.8345513847687093,-0.09738313348597168,-0.2829641861772425,0.6267401102187869,0.7592508389418099,0.6152719512772281,-0.2174783016799012,0.9066231599686884,0.8831235177895023,0.2625674415165631,-0.07422190250288196,0.07780895608516161,0.1922333463309717,-0.2153998912619503,-0.5692517616931873,-0.6115925798346521,-0.3011520490516574,842.5274725274726,845.7509157509157,846.1538461538462,836.4835164835165,811.0989010989011,-0.071594,0.128662,0.986755,-1.405640,0.867310,4.142151,1,1,1,1,1,53.375000
2017-10-10 20:47:29.286,-0.08989890241053226,-0.3131265491746037,1.028443976811562,1.017364829798909,0.05191651007398967,-0.6190386361599657,0.684337342491189,0.7503569551174678,0.7532780254351035,0.0789387551168729,0.9039283212761232,0.9659521124264314,0.2047892772021711,-0.07564973736726995,0.09666418160128296,0.3091678993610431,-0.2219356626690723,-0.538257975759737,-0.5069910431633449,-0.2484683835196136,832.4542124542124,847.7655677655678,846.959706959707,824.3956043956044,836.8864468864469,-0.065735,0.130920,0.987793,-1.674805,0.986938,4.037476,1,1,1,1,1,53.343750
2017-10-10 20:47:30.272,0.207552323229496,-0.1753610079548989,0.6994813077319815,1.075563566137619,0.2729899272295745,-0.4403250873018931,0.4192172635237912,1.067912503123081,0.6635920128357172,0.02519220356140291,0.3560088016983805,0.9873860222869053,0.1884419158318188,0.03885331268114692,0.02216379440626055,0.3050625580999164,-0.1949030251488297,-0.2434297723610449,-0.2915088899461952,-0.2284460892303697,842.9304029304029,846.1538461538462,845.3479853479854,847.7655677655678,831.2454212454213,-0.065369,0.130859,0.989868,-1.435547,1.181335,4.022522,1,1,1,1,1,53.343750
2017-10-10 20:47:31.289,0.4541894327611033,-0.1079201663449981,0.3405332012200997,0.801382651709904,0.1465501736261386,-0.4689390059112221,-0.09289264253257989,0.5993227153056376,0.7917084512264495,0.01096172538406102,0.1704402205611336,0.9843454035659431,0.2662475076246091,0.07235681408408288,0.08649402311327642,0.2113232516329498,-0.1175957896197278,-0.4682422471887192,-0.3176400224191568,-0.3045054288023085,842.1245421245421,840.9157509157509,855.8241758241759,821.1721611721612,837.6923076923077,-0.060364,0.137817,0.990479,-1.248627,1.727142,4.351501,1,1,1,1,1,53.343750
2017-10-10 20:47:32.272,0.2455046851067147,-0.1667935634168479,0.1081413065861337,1.450081814833538,0.3836715923890895,-0.1284052042246318,-0.329712902120491,0.9006367052282184,0.8976111084074678,-0.09855316571109937,-0.01099654380629899,0.5855748955987531,0.3646102006400709,-0.1955659823207972,0.1500035292259008,0.1551273165860283,0.01678397476095884,-0.8007932986047235,-0.2665334937130845,-0.3976807364536343,843.3333333333334,847.7655677655678,844.1391941391942,840.5128205128206,892.0879120879121,-0.069153,0.138184,0.989258,-1.824341,2.213135,4.089813,1,1,1,1,1,53.343750
2017-10-10 20:47:33.269,0.008593478974039847,-0.1573183711692415,0.1621090285756095,1.192714908916283,0.2734757412466289,-0.0346841915417702,-0.2033822651863244,0.7195597707722627,0.615390783448505,-0.2295910839776325,-0.02759633709209335,0.6001250965270651,0.4332048552325689,0.01475731484296012,0.008501304958874351,0.1711544190922703,0.05355185085508186,-0.6487266560472711,-0.2480641756756804,-0.3053711368657441,855.4212454212454,853.4065934065934,849.7802197802198,848.1684981684982,846.1538461538462,-0.066956,0.134766,0.987000,-1.921539,1.151428,3.671112,1,1,1,1,1,53.343750
2017-10-10 20:47:34.278,0.2237128734330254,-0.2204544489484411,0.2576173435747842,1.332860443007269,0.2866515006660575,-0.6007447714803923,-0.223560915628894,0.622961252498293,0.5075443168475401,-0.4755731858538274,-0.0801715110027066,0.4723173275179919,0.3150216851385606,0.1420303722856454,-0.09598822368124132,0.06079614773643985,-0.1737917780912266,-0.5416110281026206,-0.3441339227628473,-0.2372999747551021,853.0036630036631,842.1245421245421,850.989010989011,837.6923076923077,867.1062271062272,-0.069275,0.135498,0.990784,-1.061707,1.607513,4.164581,1,1,1,1,1,53.343750
2017-10-10 20:47:35.263,-0.05114114212672413,-0.1299931497477946,0.3106922223712079,1.333737202824641,0.2100121129598826,-0.481188668638501,-0.2394043412760612,0.5856989536653627,0.6238188020538794,-0.1783288675625462,-0.2014088190049247,0.6533644893636874,0.1112417844286262,0.06022697010746343,-0.08994270908178061,0.2662581855650725,-0.0501187125530632,-0.6255095857780574,-0.4109115710806488,-0.1329666414030776,844.5421245421246,857.4358974358975,850.5860805860806,835.6776556776557,871.1355311355312,-0.065796,0.134216,0.989258,-1.480408,1.547699,3.992615,1,1,1,1,1,53.343750
2017-10-10 20:47:36.262,-0.1522307554733256,-0.1982249473892464,-0.001809025028139417,0.9156071883244581,-0.1748985275211133,-0.7506416288612882,-0.2764009053834108,0.5443642184799797,0.4616661821891589,-0.1949700778395228,-0.1585882206111027,0.7541624589272167,0.2291570361774074,-0.1158900744460846,0.02052795578736279,0.1583482846046035,-0.08286324387659491,-0.5638786216260598,-0.4450733863412102,-0.3787106453854396,858.6446886446887,848.974358974359,846.1538461538462,820.3663003663004,815.934065934066,-0.058411,0.132874,0.986023,-1.757050,1.659851,4.478607,1,1,1,1,1,53.343750
2017-10-10 20:47:37.263,0.3447430962378345,-0.1252921823700484,-0.3997158236506989,0.9414635911055435,-0.1500340606762894,-0.5493978012610224,-0.2168839110600631,0.527973766014895,0.4827920611355883,-0.4419192444275651,0.02176928638942458,0.9801015265917895,0.1469573988948391,-0.09520512283946868,0.05342003950420614,0.007259804445279759,-0.2029404028088214,-0.5173980807131041,-0.381418553655921,-0.4278345600309276,855.8241758241759,850.1831501831502,851.7948717948718,830.0366300366301,828.021978021978,-0.053101,0.134888,0.987061,-1.532745,2.280426,4.501038,1,1,1,1,1,53.343750
2017-10-10 20:47:38.274,0.2058336831565783,-0.3981515375788694,-0.2369760803380281,1.084396040974808,0.04019389289613397,-0.5211697469098414,-0.3043425109731276,0.4510635036035521,0.4606774729582393,-0.3087861133427267,0.04450641536659049,0.9623993921567374,0.02051957449799834,0.06090259857655288,-0.03960990082594719,0.2065499706124909,-0.3193747215678239,-0.4870421441514566,-0.3950867413283298,-0.5553559228161875,858.2417582417582,849.7802197802198,844.9450549450549,858.6446886446887,837.6923076923077,-0.056335,0.140564,0.988586,-1.166382,2.444916,4.747772,1,1,1,1,1,53.343750
2017-10-10 20:47:39.285,0.07818143838986699,-0.3902981790911242,0.1159780369596736,1.094996418873363,0.04132050013025273,-0.6157446053712811,-0.1618584727506263,0.6165200058945738,0.6155617990637922,-0.3522953200725593,-0.004662171763609218,0.6312968719671171,0.1436608075730059,-0.04015724172914292,0.03037868829534266,0.271744036850586,-0.2599151117241785,-0.5232868327155735,-0.4786311173804465,-0.5049555218070656,848.1684981684982,843.7362637362637,855.0183150183151,850.5860805860806,807.4725274725275,-0.058411,0.141174,0.990173,-1.457977,2.676697,4.598236,1,1,1,1,1,53.281250
2017-10-10 20:47:40.288,-0.3549765610745758,-0.3813083989591409,0.3608004795559674,0.9452534192354967,-0.1074362367709654,-0.4823756753372154,-0.1624346936084016,0.4358060582644624,0.6979325064666811,-0.3076533442459143,-0.02377668370465368,1.022489610947724,0.1827694875949704,-0.1514119269898054,-0.03274305896978102,0.07802306962433972,-0.281276295211596,-0.6104811605612835,-0.3403860584342233,-0.3020405315995183,853.8095238095239,848.5714285714286,861.0622710622711,842.1245421245421,779.2673992673992,-0.064575,0.137878,0.989807,-1.465454,1.966400,4.471130,1,1,1,1,1,53.281250
2017-10-10 20:47:41.272,-0.03421545044911393,-0.8942932443195141,0.169912756703398,0.8947388372755266,0.112746573447322,-0.3696787444580983,-0.4041676207230379,0.2578211925290804,0.7114948151905246,-0.309662174262233,-0.1958109889481877,1.000657460479373,0.2178492265305714,-0.2216570380752818,0.0871178568409398,0.0501104576277136,-0.1755042510097172,-0.7424694706841042,-0.3591098447217699,-0.301397689763016,850.5860805860806,850.989010989011,847.3626373626374,841.7216117216118,812.3076923076924,-0.067261,0.133850,0.989502,-2.205658,2.661743,4.194489,1,1,1,1,1,53.281250
2017-10-10 20:47:42.289,0.2337836554565304,-0.6493676137031158,-0.1408127758094445,0.8323459994619254,0.2778414237501191,-0.4042381406169662,-0.4764701047367894,0.4801189150004923,0.7620528763402554,-0.1736456325370506,-0.1339596629414363,0.9008410539229056,0.2417692668374171,-0.1076877735071603,0.08457464150388175,0.03148772168895969,-0.09547519790505959,-0.5477219509519052,-0.3835012867824996,-0.4223086524383421,851.7948717948718,847.7655677655678,858.6446886446887,866.3003663003664,864.2857142857143,-0.066162,0.127441,0.989075,-1.360779,1.652374,4.164581,1,1,1,1,1,53.281250
2017-10-10 20:47:43.267,0.2209118291650062,-0.4004940382736253,-0.1984282528919899,0.9199579843790155,0.2458224121111132,-0.4254263635256966,-0.3695678358250947,0.8944405627883849,0.9328193196381835,-0.1361828183035156,0.009336548830149586,1.071775042014629,0.1190143346359112,-0.1195441460320304,0.02650392545805082,0.2676103563804321,-0.1074536978270872,-0.5067653870054851,-0.3681808285213578,-0.4753045979940159,847.7655677655678,846.1538461538462,847.7655677655678,829.6336996336996,850.1831501831502,-0.061279,0.126892,0.988708,-1.330872,1.263580,4.022522,1,1,1,1,1,53.281250
2017-10-10 20:47:44.263,-0.07069811156218372,-0.2412604108916707,-0.2695872375132031,1.200638817106955,0.2115807172669089,-0.2632717704437031,-0.5125327398589068,0.9350277943225727,0.8723910049322149,-0.02663844324820272,0.06409123548101624,1.162854758636248,0.04945403019463319,-0.1121338109866001,-0.008830933456760726,0.3303668576534924,-0.2297212576843421,-0.5295570144441676,-0.3850738618939412,-0.2916162013658169,848.1684981684982,844.9450549450549,849.3772893772895,902.5641025641025,851.3919413919414,-0.064453,0.126587,0.990967,-1.315918,1.420593,4.254303,1,1,1,1,1,53.281250
2017-10-10 20:47:45.267,0.05074281998312422,-0.03513681049625261,-0.3359814369970556,1.59377760183873,0.2455160400469152,-0.3102185470955165,-0.4618197819579935,0.6678232033971666,0.4902529551572861,0.03170538565623294,-0.05594690380680873,1.052796625217709,-0.03031269941953839,-0.2518851556074234,-0.1066610956443343,0.26909484134879,-0.2113418347327949,-0.5094795100130489,-0.499386111347271,-0.3327296987691475,861.8681318681319,848.974358974359,845.7509157509157,888.4615384615385,830.0366300366301,-0.071838,0.136780,0.989990,-0.269165,1.263580,5.166473,1,1,1,1,1,53.281250
2017-10-10 20:47:46.276,-0.2027177285449808,-0.1144493165450566,0.09583593462382872,1.284110630169916,0.04441054333505996,-0.5437240404797844,-0.3122270564225176,0.6010598851461098,0.6846049776194428,-0.04857759085444529,-0.1497079918443348,0.8438978060491438,-0.0382336874317824,-0.1825658907566556,0.09841826665481851,0.1224739738106035,-0.1341276793097116,-0.6071050970828056,-0.3294742892220324,-0.436709346085624,841.3186813186813,852.6007326007326,841.7216117216118,856.6300366300367,822.3809523809524,-0.074341,0.137207,0.986511,-1.345825,1.383209,4.441223,1,1,1,1,1,53.281250
2017-10-10 20:47:47.278,-0.1644941392169164,-0.3701786191219341,-0.09732000179124396,0.7677728568918175,0.06912633574346794,-0.3007934229470172,-0.3229913847014358,0.1816480343085668,0.6769788373094789,-0.204684410644744,-0.08583251166752806,0.7049897703941318,0.0009130131191399562,-0.2060874888381885,0.09047599748226381,-0.1596363525903416,-0.06263487584475164,-0.6179463519039481,-0.4496722337369947,-0.3543329920519426,845.7509157509157,844.5421245421246,847.3626373626374,862.2710622710623,839.7069597069598,-0.078857,0.138550,0.990906,-1.525269,1.674805,3.910370,1,1,1,1,1,53.281250
2017-10-10 20:47:48.290,0.8158114675731946,-0.5214759981387633,0.06112303437679318,0.626987668240828,0.1520139780715696,-0.4066727485975715,-0.417530545092811,0.3276733497465818,0.634230401422148,-0.2600761329766126,-0.08189236556303596,0.4660170524598145,0.1260627136037217,-0.3577078618036896,0.07433331927892824,-0.04343623972906049,-0.07456193325650443,-0.4560131794901583,-0.464384314976443,-0.3942470890153032,848.974358974359,857.4358974358975,840.1098901098901,868.7179487179487,834.8717948717949,-0.085999,0.136475,0.986145,-1.413116,2.444916,4.216919,1,1,1,1,1,53.281250
2017-10-10 20:47:49.263,0.7683310835541356,-0.5105492221327806,0.01338739810946836,0.2868524691964031,0.06712476237674732,-0.6099793412812603,-0.2208879472060178,0.2628840534350518,0.7602026198829379,-0.01771784426641857,-0.01738941262210522,0.6628198725700731,0.1844630758196578,-0.07573249041086634,0.01953116537609989,0.05010147904868161,-0.1983218434579287,-0.4616678064218004,-0.400712705044215,-0.6453508395298091,840.9157509157509,844.9450549450549,841.7216117216118,843.7362637362637,826.8131868131868,-0.081848,0.134827,0.983398,-1.861725,1.629944,3.992615,1,1,1,1,1,53.250000
2017-10-10 20:47:50.270,-0.06831353367522706,-0.418432686367624,0.02483602360308783,0.6239817204766857,0.2221323250500767,-0.5185449358933636,-0.3303185398348068,0.2674321310466787,0.8132005093992007,-0.3429170501117239,0.1164278301722569,0.5380046253099836,0.2566315898127556,0.05012249380904369,0.02583657875143055,0.04850336404301214,-0.2578806247133211,-0.5319313402228439,-0.4877014067729725,-0.4040988563588038,857.4358974358975,849.7802197802198,850.5860805860806,853.4065934065934,822.3809523809524,-0.080627,0.129517,0.984314,-2.056122,1.667328,3.992615,1,1,1,1,1,53.250000
2017-10-10 20:47:51.263,0.1022313000635721,-0.03058378994602501,-0.08799760734243824,1.158035872824096,0.3159380135230482,-0.3544511087037664,-0.08615191738039056,0.7160211002326833,0.7970093399700279,-0.2915316944358685,0.04816954416336005,0.7860195683392551,0.2651835150198666,-0.1287951737528279,0.04154515668663331,0.2828968978552781,-0.2638519956983065,-0.422789339002084,-0.4957708409022667,-0.3160653171334744,849.3772893772895,847.3626373626374,854.2124542124542,875.9706959706959,832.0512820512821,-0.081726,0.132629,0.982544,-1.532745,1.988831,4.448700,1,1,1,1,1,53.250000
2017-10-10 20:47:52.275,0.04961422418471399,-0.02644290078167004,-0.1439393741319985,1.282962459706713,0.3754310125689965,-0.3165803884569552,0.001720461214763275,0.885080697280708,0.7159508369073463,-0.2439477378119172,0.01598973926286056,0.7891701436221695,0.1615610127124844,-0.1131015658720168,-0.04305027558317145,0.1841624554871651,-0.1474465586194109,-0.6096331594906581,-0.4733629664561236,-0.3516336339152923,856.2271062271062,847.3626373626374,855.8241758241759,866.7032967032967,859.8534798534798,-0.083008,0.132202,0.984741,-1.689758,1.831818,4.157104,1,1,1,1,1,53.250000
2017-10-10 20:47:53.277,-0.08785973623750834,-0.2665298216644444,-0.01366805409686082,1.249871195532752,0.01154314234446082,-0.4451058304974352,-0.03803548088503401,0.7640013394479072,0.6479867035297958,-0.09782191599573785,-0.08549273059816449,0.7581511494015425,0.1946296311709029,-0.07291806593455488,0.03090869792667733,0.1871493289386507,-0.1549321399952478,-0.5877026508552059,-0.5231824310589158,-0.3706685808588452,857.032967032967,850.5860805860806,852.1978021978023,875.1648351648352,823.992673992674,-0.087036,0.130371,0.988708,-2.175751,2.198181,3.902893,1,1,1,1,1,53.250000
2017-10-10 20:47:54.262,0.1409146083118389,-0.04015992324413918,-0.07715273721469018,1.150024149132395,0.1480297006459155,-0.2128442042743963,-0.207373365398609,0.4787536162419733,0.7764039898248986,0.01802131847922493,0.009225174228858747,0.7372157681043985,0.258806836908418,-0.1880917189397334,0.04980088879629775,0.04771000183932692,-0.2792045780358261,-0.4904694162237362,-0.4064483962500869,-0.4244482252360223,845.7509157509157,840.1098901098901,851.7948717948718,849.7802197802198,844.5421245421246,-0.089355,0.122925,0.988342,-0.889740,1.360779,4.590759,1,1,1,1,1,53.250000
2017-10-10 20:47:55.275,0.06470562707495571,-0.1039160496775949,-0.2656114061731834,0.8496439683615883,0.182981842904428,-0.2666045996699727,-0.3014702114354401,0.1779736388866971,0.7859156443147217,-0.02537317867864443,-0.1855328898111311,0.7015680565000112,0.1772770895562964,-0.2240869988407288,0.08977972302776296,0.1160363421249689,-0.1333171310645427,-0.5133378040090734,-0.4206327612124511,-0.3077489188037194,850.5860805860806,845.7509157509157,843.3333333333334,846.1538461538462,834.0659340659341,-0.090332,0.122803,0.987610,-1.443024,1.577606,4.231873,1,1,1,1,1,53.250000
2017-10-10 20:47:56.262,0.2219631537377179,-0.09778628845489568,-0.2872519204156246,0.5125159333291815,-0.04431646905611523,-0.4845115357223239,-0.3142557622617526,0.2430703003159048,0.3661107455810416,-0.2264720486111937,-0.3020319042362156,0.6421298988914084,0.2423594802151476,-0.1202768235177889,0.07580918896895508,0.09333358810410546,-0.05543863347011742,-0.5013745594783202,-0.5056922040815797,-0.3844337346390903,846.959706959707,844.9450549450549,854.2124542124542,847.3626373626374,848.1684981684982,-0.087158,0.125916,0.988037,-1.480408,0.657959,4.224396,1,1,1,1,1,53.250000
2017-10-10 20:47:57.263,0.01431318458224043,-0.1787673829762234,-0.4961569707872968,0.3578574425224648,-0.05920729531371277,-0.4271664241326047,-0.5917162918408911,0.1291714356433321,0.5743120236053971,-0.4162950359441693,-0.2849473870961445,0.7115723622629567,0.2178532819501509,-0.1211770857218536,0.1130182182758136,0.0812649026473994,-0.2057045318721444,-0.4605972823722796,-0.4405136411856202,-0.3482575620074406,848.5714285714286,846.959706959707,848.1684981684982,846.959706959707,831.6483516483516,-0.079407,0.122314,0.989136,-1.585083,2.160797,4.344025,1,1,1,1,1,53.250000
2017-10-10 20:47:58.263,0.03491543844606735,-0.4247706120151301,-0.5102380236537993,0.5005045420752814,0.2036758865797343,-0.4489992899116623,-0.3884455998047406,0.1391690384847125,0.6777906108428969,-0.3737346528477106,-0.2611892902474264,0.7575819481124404,0.1529658744186245,-0.2154772598041678,0.07477290462991788,0.04085251323784967,-0.09024115402739238,-0.5931049406611394,-0.3970756888392311,-0.2820919218822555,844.1391941391942,846.1538461538462,844.9450549450549,850.989010989011,801.8315018315019,-0.078674,0.122009,0.987061,-1.428070,1.854248,4.403839,1,1,1,1,1,53.250000
2017-10-10 20:47:59.289,0.9918600799233024,0.1599096699749497,0.1236175560240499,1.068113844377278,0.5647087597257735,-0.3127674551480009,-0.3368879406462994,0.5450860798855542,0.9864515249795451,-0.2676124331398661,0.1657969335559061,0.9454662891394399,0.2582616424798029,-0.2207121968505244,0.03968017747713749,0.161721578558232,-0.190656243089218,-0.5964340092791061,-0.3622579716888376,-0.3398363756253284,886.8498168498169,841.7216117216118,855.0183150183151,895.3113553113553,876.3736263736264,0.106812,0.166687,0.978943,2.086029,-34.445648,26.692200,1,1,1,1,1,53.203125
2017-10-10 20:48:00.262,1.369179052011025,0.9503046006740368,0.337613436830341,1.376864379061984,0.485813680744863,0.02274392396353228,0.07703549913877746,0.2773088257759457,0.7982672857899497,-0.1206017007857342,0.1130975074692023,0.7462567525739081,0.1983037707538413,-0.2767378098948688,-0.124316680927581,0.1703533479209189,-0.1580055791961205,-0.6450272202885945,-0.5487213032555079,-0.4777801179340523,813.919413919414,886.0439560439561,855.8241758241759,863.0769230769231,858.2417582417582,0.613831,0.169861,0.808960,-2.415009,-6.527252,7.873077,1,1,1,1,1,53.203125
2017-10-10 20:48:01.270,1.346265971490422,0.9226588300257103,0.5217715280567484,0.8225855281975767,0.3510906442437375,0.1585483146249291,0.0294098973219326,0.2411269382717658,0.3467684654901514,0.1700521402726951,0.01145871649033289,0.3598433738919364,0.237122610469815,-0.3266731701460538,-0.3420438386394997,-0.04760462764929706,-0.2273831097349204,-0.7621982255641677,-0.8515753552918078,-0.4949044470753988,839.7069597069598,856.2271062271062,856.2271062271062,851.3919413919414,850.5860805860806,0.596802,0.196228,0.789856,0.800018,0.194397,2.108459,1,1,1,1,1,53.203125
2017-10-10 20:48:02.286,0.9197838697851588,0.7326585320964484,0.04258589237329811,0.5717068862879249,0.1804302048467467,0.1282880866944216,-0.2390725172540726,0.1237659989625705,0.8539414780177169,0.2845469331009038,-0.09041234041012021,0.2791435698748144,0.15242350924474,-0.2199505124887476,-0.1875020752836258,0.111371089572714,-0.1787122120508156,-0.7237003784895262,-0.6317022713787466,-0.3635627956265159,858.2417582417582,878.3882783882784,856.6300366300367,870.3296703296703,831.2454212454213,0.636414,0.258423,0.742249,-2.347717,8.508606,-9.622650,1,1,1,1,1,53.203125
2017-10-10 20:48:03.277,1.101435426103288,1.441357026366532,0.0729689138992294,1.075572276570425,0.8802334091255009,0.872741097660277,-0.08445984609407341,0.9512121645947215,0.9671975465815067,0.2965210584987562,0.01942724491542277,0.9446343843817091,0.05162758547895161,-0.3625195421134292,-0.2618039023357507,0.148340398159325,-0.2055317422978789,-0.786775424239023,-0.6758775906022148,-0.3146461538845568,845.3479853479854,817.5457875457876,850.1831501831502,851.7948717948718,848.974358974359,0.396484,0.225647,0.897400,5.480499,4.209442,10.205841,1,1,1,1,1,53.203125
2017-10-10 20:48:04.079,,,,,,,,,,,,,,,,,,,,,,,,,,,,,,,,,,,,,,/muse/elements/blink
2017-10-10 20:48:04.262,1.366011659136958,1.463605797667477,0.04469140535498605,1.329289076778875,1.175907393755732,0.8379357362394612,-0.07868238494242805,1.164898980301994,0.8562178787630109,0.2350177712955129,0.04190340183465632,1.037779784675747,0.2547145864131436,-0.2405554522390473,-0.3019477013866969,0.1473135687980431,-0.249670472130706,-0.7911788282031156,-0.724557189109668,-0.3977409061475039,872.7472527472528,851.7948717948718,850.5860805860806,870.7326007326008,862.6739926739926,0.442810,0.250488,0.877380,-0.299072,-1.263580,4.426270,1,1,1,1,1,53.203125
